Workbook

Sheet Trade Log
A1: ⚡ OPTIONS TRADE LOG
A2: Each row = one fill · Link partials & runners via Position ID · Set a Target Price to auto-calculate Planned R:R before you enter
A3: Chart Interval: | C3: 60 | D3: ← mins (60=1H · 240=4H · 15=15m)
A4: # | B4: Position ID | C4: Entry Date | D4: Entry Time | E4: Exit Date | F4: Exit Time | G4: Ticker | H4: Type (C/P) | I4: Strategy | J4: Strike ($) | K4: Expiry Date | L4: # Contracts | M4: Entry Price | N4: Fees ($) | O4: Exit Price | P4: Contract High | Q4: Premium Paid | R4: Premium Rcvd | S4: Max Value | T4: P&L ($) | U4: P&L (%) | V4: Max P&L ($) | W4: Max P&L (%) | X4: Planned R:R | Y4: Actual R:R | Z4: Max R:R | AA4: Days Held | AB4: Status | AC4: IV Rank | AD4: Notes | AE4: 📈 1H Chart | AF4: 📈 4H Chart
A5: =ROW()-4 -> 1 | Q5: =IF(L5="","",IF(M5<>"",M5*L5*100,IF(AND(O5<>"",B5<>""),IFERROR(AVERAGEIF($B$5:$B$1004,B5,$M$5:$M$1004)*L5*100,""),""))) | R5: =IF(AND(O5<>"",L5<>""),O5*L5*100,"") | S5: =IF(AND(P5<>"",L5<>""),P5*L5*100,"") | T5: =IF(AND(Q5<>"",R5<>""),R5-Q5,"") | U5: =IF(AND(Q5<>"",Q5<>0,T5<>""),T5/Q5,"") | V5: =IF(AND(S5<>"",Q5<>""),S5-Q5,"") | W5: =IF(AND(Q5<>"",Q5<>0,V5<>""),V5/Q5,"") | X5: "—" | Y5: =IF(AND(O5<>"",M5<>"",O5>M5),CONCATENATE("1 : ",TEXT((O5-M5)/M5,"0.00")),IF(AND(O5<>"",M5<>"",O5<M5),CONCATENATE("-1 : ",TEXT((M5-O5)/M5,"0.00")),"—")) -> — | Z5: =IF(AND(P5<>"",M5<>"",P5>M5),CONCATENATE("1 : ",TEXT((P5-M5)/M5,"0.00")),"—") -> — | AA5: =IF(AND(C5<>"",E5<>""),E5-C5,"") | AE5: =IF(G5<>"",HYPERLINK("https://www.tradingview.com/chart/?symbol="&G5&"&interval=60&from="&(AG5-10*3600)&"&to="&(AG5+50*3600),"📈 1H"),"") | AF5: =IF(G5<>"",HYPERLINK("https://www.tradingview.com/chart/?symbol="&G5&"&interval=240&from="&(AG5-10*14400)&"&to="&(AG5+50*14400),"📈 4H"),"") | AG5: =IF(C5<>"",INT((C5+IF(D5<>"",D5,0)-DATE(1970,1,1))*86400),"")
A6: =ROW()-4 -> 2 | Q6: =IF(L6="","",IF(M6<>"",M6*L6*100,IF(AND(O6<>"",B6<>""),IFERROR(AVERAGEIF($B$5:$B$1004,B6,$M$5:$M$1004)*L6*100,""),""))) | R6: =IF(AND(O6<>"",L6<>""),O6*L6*100,"") | S6: =IF(AND(P6<>"",L6<>""),P6*L6*100,"") | T6: =IF(AND(Q6<>"",R6<>""),R6-Q6,"") | U6: =IF(AND(Q6<>"",Q6<>0,T6<>""),T6/Q6,"") | V6: =IF(AND(S6<>"",Q6<>""),S6-Q6,"") | W6: =IF(AND(Q6<>"",Q6<>0,V6<>""),V6/Q6,"") | X6: "—" | Y6: =IF(AND(O6<>"",M6<>"",O6>M6),CONCATENATE("1 : ",TEXT((O6-M6)/M6,"0.00")),IF(AND(O6<>"",M6<>"",O6<M6),CONCATENATE("-1 : ",TEXT((M6-O6)/M6,"0.00")),"—")) -> — | Z6: =IF(AND(P6<>"",M6<>"",P6>M6),CONCATENATE("1 : ",TEXT((P6-M6)/M6,"0.00")),"—") -> — | AA6: =IF(AND(C6<>"",E6<>""),E6-C6,"") | AE6: =IF(G6<>"",HYPERLINK("https://www.tradingview.com/chart/?symbol="&G6&"&interval=60&from="&(AG6-10*3600)&"&to="&(AG6+50*3600),"📈 1H"),"") | AF6: =IF(G6<>"",HYPERLINK("https://www.tradingview.com/chart/?symbol="&G6&"&interval=240&from="&(AG6-10*14400)&"&to="&(AG6+50*14400),"📈 4H"),"") | AG6: =IF(C6<>"",INT((C6+IF(D6<>"",D6,0)-DATE(1970,1,1))*86400),"")
A7: =ROW()-4 -> 3 | Q7: =IF(L7="","",IF(M7<>"",M7*L7*100,IF(AND(O7<>"",B7<>""),IFERROR(AVERAGEIF($B$5:$B$1004,B7,$M$5:$M$1004)*L7*100,""),""))) | R7: =IF(AND(O7<>"",L7<>""),O7*L7*100,"") | S7: =IF(AND(P7<>"",L7<>""),P7*L7*100,"") | T7: =IF(AND(Q7<>"",R7<>""),R7-Q7,"") | U7: =IF(AND(Q7<>"",Q7<>0,T7<>""),T7/Q7,"") | V7: =IF(AND(S7<>"",Q7<>""),S7-Q7,"") | W7: =IF(AND(Q7<>"",Q7<>0,V7<>""),V7/Q7,"") | X7: "—" | Y7: =IF(AND(O7<>"",M7<>"",O7>M7),CONCATENATE("1 : ",TEXT((O7-M7)/M7,"0.00")),IF(AND(O7<>"",M7<>"",O7<M7),CONCATENATE("-1 : ",TEXT((M7-O7)/M7,"0.00")),"—")) -> — | Z7: =IF(AND(P7<>"",M7<>"",P7>M7),CONCATENATE("1 : ",TEXT((P7-M7)/M7,"0.00")),"—") -> — | AA7: =IF(AND(C7<>"",E7<>""),E7-C7,"") | AE7: =IF(G7<>"",HYPERLINK("https://www.tradingview.com/chart/?symbol="&G7&"&interval=60&from="&(AG7-10*3600)&"&to="&(AG7+50*3600),"📈 1H"),"") | AF7: =IF(G7<>"",HYPERLINK("https://www.tradingview.com/chart/?symbol="&G7&"&interval=240&from="&(AG7-10*14400)&"&to="&(AG7+50*14400),"📈 4H"),"") | AG7: =IF(C7<>"",INT((C7+IF(D7<>"",D7,0)-DATE(1970,1,1))*86400),"")
A8: =ROW()-4 -> 4 | Q8: =IF(L8="","",IF(M8<>"",M8*L8*100,IF(AND(O8<>"",B8<>""),IFERROR(AVERAGEIF($B$5:$B$1004,B8,$M$5:$M$1004)*L8*100,""),""))) | R8: =IF(AND(O8<>"",L8<>""),O8*L8*100,"") | S8: =IF(AND(P8<>"",L8<>""),P8*L8*100,"") | T8: =IF(AND(Q8<>"",R8<>""),R8-Q8,"") | U8: =IF(AND(Q8<>"",Q8<>0,T8<>""),T8/Q8,"") | V8: =IF(AND(S8<>"",Q8<>""),S8-Q8,"") | W8: =IF(AND(Q8<>"",Q8<>0,V8<>""),V8/Q8,"") | X8: "—" | Y8: =IF(AND(O8<>"",M8<>"",O8>M8),CONCATENATE("1 : ",TEXT((O8-M8)/M8,"0.00")),IF(AND(O8<>"",M8<>"",O8<M8),CONCATENATE("-1 : ",TEXT((M8-O8)/M8,"0.00")),"—")) -> — | Z8: =IF(AND(P8<>"",M8<>"",P8>M8),CONCATENATE("1 : ",TEXT((P8-M8)/M8,"0.00")),"—") -> — | AA8: =IF(AND(C8<>"",E8<>""),E8-C8,"") | AE8: =IF(G8<>"",HYPERLINK("https://www.tradingview.com/chart/?symbol="&G8&"&interval=60&from="&(AG8-10*3600)&"&to="&(AG8+50*3600),"📈 1H"),"") | AF8: =IF(G8<>"",HYPERLINK("https://www.tradingview.com/chart/?symbol="&G8&"&interval=240&from="&(AG8-10*14400)&"&to="&(AG8+50*14400),"📈 4H"),"") | AG8: =IF(C8<>"",INT((C8+IF(D8<>"",D8,0)-DATE(1970,1,1))*86400),"")
A9: =ROW()-4 -> 5 | Q9: =IF(L9="","",IF(M9<>"",M9*L9*100,IF(AND(O9<>"",B9<>""),IFERROR(AVERAGEIF($B$5:$B$1004,B9,$M$5:$M$1004)*L9*100,""),""))) | R9: =IF(AND(O9<>"",L9<>""),O9*L9*100,"") | S9: =IF(AND(P9<>"",L9<>""),P9*L9*100,"") | T9: =IF(AND(Q9<>"",R9<>""),R9-Q9,"") | U9: =IF(AND(Q9<>"",Q9<>0,T9<>""),T9/Q9,"") | V9: =IF(AND(S9<>"",Q9<>""),S9-Q9,"") | W9: =IF(AND(Q9<>"",Q9<>0,V9<>""),V9/Q9,"") | X9: "—" | Y9: =IF(AND(O9<>"",M9<>"",O9>M9),CONCATENATE("1 : ",TEXT((O9-M9)/M9,"0.00")),IF(AND(O9<>"",M9<>"",O9<M9),CONCATENATE("-1 : ",TEXT((M9-O9)/M9,"0.00")),"—")) -> — | Z9: =IF(AND(P9<>"",M9<>"",P9>M9),CONCATENATE("1 : ",TEXT((P9-M9)/M9,"0.00")),"—") -> — | AA9: =IF(AND(C9<>"",E9<>""),E9-C9,"") | AE9: =IF(G9<>"",HYPERLINK("https://www.tradingview.com/chart/?symbol="&G9&"&interval=60&from="&(AG9-10*3600)&"&to="&(AG9+50*3600),"📈 1H"),"") | AF9: =IF(G9<>"",HYPERLINK("https://www.tradingview.com/chart/?symbol="&G9&"&interval=240&from="&(AG9-10*14400)&"&to="&(AG9+50*14400),"📈 4H"),"") | AG9: =IF(C9<>"",INT((C9+IF(D9<>"",D9,0)-DATE(1970,1,1))*86400),"")
A10: =ROW()-4 -> 6 | Q10: =IF(L10="","",IF(M10<>"",M10*L10*100,IF(AND(O10<>"",B10<>""),IFERROR(AVERAGEIF($B$5:$B$1004,B10,$M$5:$M$1004)*L10*100,""),""))) | R10: =IF(AND(O10<>"",L10<>""),O10*L10*100,"") | S10: =IF(AND(P10<>"",L10<>""),P10*L10*100,"") | T10: =IF(AND(Q10<>"",R10<>""),R10-Q10,"") | U10: =IF(AND(Q10<>"",Q10<>0,T10<>""),T10/Q10,"") | V10: =IF(AND(S10<>"",Q10<>""),S10-Q10,"") | W10: =IF(AND(Q10<>"",Q10<>0,V10<>""),V10/Q10,"") | X10: "—" | Y10: =IF(AND(O10<>"",M10<>"",O10>M10),CONCATENATE("1 : ",TEXT((O10-M10)/M10,"0.00")),IF(AND(O10<>"",M10<>"",O10<M10),CONCATENATE("-1 : ",TEXT((M10-O10)/M10,"0.00")),"—")) -> — | Z10: =IF(AND(P10<>"",M10<>"",P10>M10),CONCATENATE("1 : ",TEXT((P10-M10)/M10,"0.00")),"—") -> — | AA10: =IF(AND(C10<>"",E10<>""),E10-C10,"") | AE10: =IF(G10<>"",HYPERLINK("https://www.tradingview.com/chart/?symbol="&G10&"&interval=60&from="&(AG10-10*3600)&"&to="&(AG10+50*3600),"📈 1H"),"") | AF10: =IF(G10<>"",HYPERLINK("https://www.tradingview.com/chart/?symbol="&G10&"&interval=240&from="&(AG10-10*14400)&"&to="&(AG10+50*14400),"📈 4H"),"") | AG10: =IF(C10<>"",INT((C10+IF(D10<>"",D10,0)-DATE(1970,1,1))*86400),"")
A11: =ROW()-4 -> 7 | Q11: =IF(L11="","",IF(M11<>"",M11*L11*100,IF(AND(O11<>"",B11<>""),IFERROR(AVERAGEIF($B$5:$B$1004,B11,$M$5:$M$1004)*L11*100,""),""))) | R11: =IF(AND(O11<>"",L11<>""),O11*L11*100,"") | S11: =IF(AND(P11<>"",L11<>""),P11*L11*100,"") | T11: =IF(AND(Q11<>"",R11<>""),R11-Q11,"") | U11: =IF(AND(Q11<>"",Q11<>0,T11<>""),T11/Q11,"") | V11: =IF(AND(S11<>"",Q11<>""),S11-Q11,"") | W11: =IF(AND(Q11<>"",Q11<>0,V11<>""),V11/Q11,"") | X11: "—" | Y11: =IF(AND(O11<>"",M11<>"",O11>M11),CONCATENATE("1 : ",TEXT((O11-M11)/M11,"0.00")),IF(AND(O11<>"",M11<>"",O11<M11),CONCATENATE("-1 : ",TEXT((M11-O11)/M11,"0.00")),"—")) -> — | Z11: =IF(AND(P11<>"",M11<>"",P11>M11),CONCATENATE("1 : ",TEXT((P11-M11)/M11,"0.00")),"—") -> — | AA11: =IF(AND(C11<>"",E11<>""),E11-C11,"") | AE11: =IF(G11<>"",HYPERLINK("https://www.tradingview.com/chart/?symbol="&G11&"&interval=60&from="&(AG11-10*3600)&"&to="&(AG11+50*3600),"📈 1H"),"") | AF11: =IF(G11<>"",HYPERLINK("https://www.tradingview.com/chart/?symbol="&G11&"&interval=240&from="&(AG11-10*14400)&"&to="&(AG11+50*14400),"📈 4H"),"") | AG11: =IF(C11<>"",INT((C11+IF(D11<>"",D11,0)-DATE(1970,1,1))*86400),"")
A12: =ROW()-4 -> 8 | Q12: =IF(L12="","",IF(M12<>"",M12*L12*100,IF(AND(O12<>"",B12<>""),IFERROR(AVERAGEIF($B$5:$B$1004,B12,$M$5:$M$1004)*L12*100,""),""))) | R12: =IF(AND(O12<>"",L12<>""),O12*L12*100,"") | S12: =IF(AND(P12<>"",L12<>""),P12*L12*100,"") | T12: =IF(AND(Q12<>"",R12<>""),R12-Q12,"") | U12: =IF(AND(Q12<>"",Q12<>0,T12<>""),T12/Q12,"") | V12: =IF(AND(S12<>"",Q12<>""),S12-Q12,"") | W12: =IF(AND(Q12<>"",Q12<>0,V12<>""),V12/Q12,"") | X12: "—" | Y12: =IF(AND(O12<>"",M12<>"",O12>M12),CONCATENATE("1 : ",TEXT((O12-M12)/M12,"0.00")),IF(AND(O12<>"",M12<>"",O12<M12),CONCATENATE("-1 : ",TEXT((M12-O12)/M12,"0.00")),"—")) -> — | Z12: =IF(AND(P12<>"",M12<>"",P12>M12),CONCATENATE("1 : ",TEXT((P12-M12)/M12,"0.00")),"—") -> — | AA12: =IF(AND(C12<>"",E12<>""),E12-C12,"") | AE12: =IF(G12<>"",HYPERLINK("https://www.tradingview.com/chart/?symbol="&G12&"&interval=60&from="&(AG12-10*3600)&"&to="&(AG12+50*3600),"📈 1H"),"") | AF12: =IF(G12<>"",HYPERLINK("https://www.tradingview.com/chart/?symbol="&G12&"&interval=240&from="&(AG12-10*14400)&"&to="&(AG12+50*14400),"📈 4H"),"") | AG12: =IF(C12<>"",INT((C12+IF(D12<>"",D12,0)-DATE(1970,1,1))*86400),"")
A13: =ROW()-4 -> 9 | Q13: =IF(L13="","",IF(M13<>"",M13*L13*100,IF(AND(O13<>"",B13<>""),IFERROR(AVERAGEIF($B$5:$B$1004,B13,$M$5:$M$1004)*L13*100,""),""))) | R13: =IF(AND(O13<>"",L13<>""),O13*L13*100,"") | S13: =IF(AND(P13<>"",L13<>""),P13*L13*100,"") | T13: =IF(AND(Q13<>"",R13<>""),R13-Q13,"") | U13: =IF(AND(Q13<>"",Q13<>0,T13<>""),T13/Q13,"") | V13: =IF(AND(S13<>"",Q13<>""),S13-Q13,"") | W13: =IF(AND(Q13<>"",Q13<>0,V13<>""),V13/Q13,"") | X13: "—" | Y13: =IF(AND(O13<>"",M13<>"",O13>M13),CONCATENATE("1 : ",TEXT((O13-M13)/M13,"0.00")),IF(AND(O13<>"",M13<>"",O13<M13),CONCATENATE("-1 : ",TEXT((M13-O13)/M13,"0.00")),"—")) -> — | Z13: =IF(AND(P13<>"",M13<>"",P13>M13),CONCATENATE("1 : ",TEXT((P13-M13)/M13,"0.00")),"—") -> — | AA13: =IF(AND(C13<>"",E13<>""),E13-C13,"") | AE13: =IF(G13<>"",HYPERLINK("https://www.tradingview.com/chart/?symbol="&G13&"&interval=60&from="&(AG13-10*3600)&"&to="&(AG13+50*3600),"📈 1H"),"") | AF13: =IF(G13<>"",HYPERLINK("https://www.tradingview.com/chart/?symbol="&G13&"&interval=240&from="&(AG13-10*14400)&"&to="&(AG13+50*14400),"📈 4H"),"") | AG13: =IF(C13<>"",INT((C13+IF(D13<>"",D13,0)-DATE(1970,1,1))*86400),"")
A14: =ROW()-4 -> 10 | Q14: =IF(L14="","",IF(M14<>"",M14*L14*100,IF(AND(O14<>"",B14<>""),IFERROR(AVERAGEIF($B$5:$B$1004,B14,$M$5:$M$1004)*L14*100,""),""))) | R14: =IF(AND(O14<>"",L14<>""),O14*L14*100,"") | S14: =IF(AND(P14<>"",L14<>""),P14*L14*100,"") | T14: =IF(AND(Q14<>"",R14<>""),R14-Q14,"") | U14: =IF(AND(Q14<>"",Q14<>0,T14<>""),T14/Q14,"") | V14: =IF(AND(S14<>"",Q14<>""),S14-Q14,"") | W14: =IF(AND(Q14<>"",Q14<>0,V14<>""),V14/Q14,"") | X14: "—" | Y14: =IF(AND(O14<>"",M14<>"",O14>M14),CONCATENATE("1 : ",TEXT((O14-M14)/M14,"0.00")),IF(AND(O14<>"",M14<>"",O14<M14),CONCATENATE("-1 : ",TEXT((M14-O14)/M14,"0.00")),"—")) -> — | Z14: =IF(AND(P14<>"",M14<>"",P14>M14),CONCATENATE("1 : ",TEXT((P14-M14)/M14,"0.00")),"—") -> — | AA14: =IF(AND(C14<>"",E14<>""),E14-C14,"") | AE14: =IF(G14<>"",HYPERLINK("https://www.tradingview.com/chart/?symbol="&G14&"&interval=60&from="&(AG14-10*3600)&"&to="&(AG14+50*3600),"📈 1H"),"") | AF14: =IF(G14<>"",HYPERLINK("https://www.tradingview.com/chart/?symbol="&G14&"&interval=240&from="&(AG14-10*14400)&"&to="&(AG14+50*14400),"📈 4H"),"") | AG14: =IF(C14<>"",INT((C14+IF(D14<>"",D14,0)-DATE(1970,1,1))*86400),"")
A15: =ROW()-4 -> 11 | Q15: =IF(L15="","",IF(M15<>"",M15*L15*100,IF(AND(O15<>"",B15<>""),IFERROR(AVERAGEIF($B$5:$B$1004,B15,$M$5:$M$1004)*L15*100,""),""))) | R15: =IF(AND(O15<>"",L15<>""),O15*L15*100,"") | S15: =IF(AND(P15<>"",L15<>""),P15*L15*100,"") | T15: =IF(AND(Q15<>"",R15<>""),R15-Q15,"") | U15: =IF(AND(Q15<>"",Q15<>0,T15<>""),T15/Q15,"") | V15: =IF(AND(S15<>"",Q15<>""),S15-Q15,"") | W15: =IF(AND(Q15<>"",Q15<>0,V15<>""),V15/Q15,"") | X15: "—" | Y15: =IF(AND(O15<>"",M15<>"",O15>M15),CONCATENATE("1 : ",TEXT((O15-M15)/M15,"0.00")),IF(AND(O15<>"",M15<>"",O15<M15),CONCATENATE("-1 : ",TEXT((M15-O15)/M15,"0.00")),"—")) -> — | Z15: =IF(AND(P15<>"",M15<>"",P15>M15),CONCATENATE("1 : ",TEXT((P15-M15)/M15,"0.00")),"—") -> — | AA15: =IF(AND(C15<>"",E15<>""),E15-C15,"") | AE15: =IF(G15<>"",HYPERLINK("https://www.tradingview.com/chart/?symbol="&G15&"&interval=60&from="&(AG15-10*3600)&"&to="&(AG15+50*3600),"📈 1H"),"") | AF15: =IF(G15<>"",HYPERLINK("https://www.tradingview.com/chart/?symbol="&G15&"&interval=240&from="&(AG15-10*14400)&"&to="&(AG15+50*14400),"📈 4H"),"") | AG15: =IF(C15<>"",INT((C15+IF(D15<>"",D15,0)-DATE(1970,1,1))*86400),"")
A16: =ROW()-4 -> 12 | Q16: =IF(L16="","",IF(M16<>"",M16*L16*100,IF(AND(O16<>"",B16<>""),IFERROR(AVERAGEIF($B$5:$B$1004,B16,$M$5:$M$1004)*L16*100,""),""))) | R16: =IF(AND(O16<>"",L16<>""),O16*L16*100,"") | S16: =IF(AND(P16<>"",L16<>""),P16*L16*100,"") | T16: =IF(AND(Q16<>"",R16<>""),R16-Q16,"") | U16: =IF(AND(Q16<>"",Q16<>0,T16<>""),T16/Q16,"") | V16: =IF(AND(S16<>"",Q16<>""),S16-Q16,"") | W16: =IF(AND(Q16<>"",Q16<>0,V16<>""),V16/Q16,"") | X16: "—" | Y16: =IF(AND(O16<>"",M16<>"",O16>M16),CONCATENATE("1 : ",TEXT((O16-M16)/M16,"0.00")),IF(AND(O16<>"",M16<>"",O16<M16),CONCATENATE("-1 : ",TEXT((M16-O16)/M16,"0.00")),"—")) -> — | Z16: =IF(AND(P16<>"",M16<>"",P16>M16),CONCATENATE("1 : ",TEXT((P16-M16)/M16,"0.00")),"—") -> — | AA16: =IF(AND(C16<>"",E16<>""),E16-C16,"") | AE16: =IF(G16<>"",HYPERLINK("https://www.tradingview.com/chart/?symbol="&G16&"&interval=60&from="&(AG16-10*3600)&"&to="&(AG16+50*3600),"📈 1H"),"") | AF16: =IF(G16<>"",HYPERLINK("https://www.tradingview.com/chart/?symbol="&G16&"&interval=240&from="&(AG16-10*14400)&"&to="&(AG16+50*14400),"📈 4H"),"") | AG16: =IF(C16<>"",INT((C16+IF(D16<>"",D16,0)-DATE(1970,1,1))*86400),"")
... A1004: =ROW()-4 -> 1000 | Q1004: =IF(L1004="","",IF(M1004<>"",M1004*L1004*100,IF(AND(O1004<>"",B1004<>""),IFERROR(AVERAGEIF($B$5:$B$1004,B1004,$M$5:$M$1004)*L1004*100,""),""))) | R1004: =IF(AND(O1004<>"",L1004<>""),O1004*L1004*100,"") | S1004: =IF(AND(P1004<>"",L1004<>""),P1004*L1004*100,"") | T1004: =IF(AND(Q1004<>"",R1004<>""),R1004-Q1004,"") | U1004: =IF(AND(Q1004<>"",Q1004<>0,T1004<>""),T1004/Q1004,"") | V1004: =IF(AND(S1004<>"",Q1004<>""),S1004-Q1004,"") | W1004: =IF(AND(Q1004<>"",Q1004<>0,V1004<>""),V1004/Q1004,"") | X1004: "—" | Y1004: =IF(AND(O1004<>"",M1004<>"",O1004>M1004),CONCATENATE("1 : ",TEXT((O1004-M1004)/M1004,"0.00")),IF(AND(O1004<>"",M1004<>"",O1004<M1004),CONCATENATE("-1 : ",TEXT((M1004-O1004)/M1004,"0.00")),"—")) -> — | Z1004: =IF(AND(P1004<>"",M1004<>"",P1004>M1004),CONCATENATE("1 : ",TEXT((P1004-M1004)/M1004,"0.00")),"—") -> — | AA1004: =IF(AND(C1004<>"",E1004<>""),E1004-C1004,"") | AE1004: =IF(G1004<>"",HYPERLINK("https://www.tradingview.com/chart/?symbol="&G1004&"&interval=60&from="&(AG1004-10*3600)&"&to="&(AG1004+50*3600),"📈 1H"),"") | AF1004: =IF(G1004<>"",HYPERLINK("https://www.tradingview.com/chart/?symbol="&G1004&"&interval=240&from="&(AG1004-10*14400)&"&to="&(AG1004+50*14400),"📈 4H"),"") | AG1004: =IF(C1004<>"",INT((C1004+IF(D1004<>"",D1004,0)-DATE(1970,1,1))*86400),"")
A1006: 🟡 Position ID = shared key for partials/runners | 🔵 Teal = Target Price & Planned R:R | 🟣 Purple = Max cols | R:R shown as '1 : X' (reward per $1 risked) | Negative Actual R:R shown as '-1 : X' (loss trade)

Sheet Position Summary
A1: 📋 POSITION SUMMARY
A2: Rolls up all rows sharing the same Position ID — partials + runners combined into one P&L
A3: 💡 In Google Sheets: Position IDs auto-populate via UNIQUE(). In Excel, type Position IDs manually in column A.
A4: Position ID | B4: Ticker | C4: Strategy | D4: # Fills | E4: Total Contracts | F4: Total Prem. Paid | G4: Total Prem. Rcvd | H4: Total P&L ($) | I4: Total P&L (%) | J4: Total Max P&L ($) | K4: Total Max P&L (%) | L4: Open Contracts | M4: Status
A5: =IFERROR(unique(filter('Trade Log'!B5:B1004,'Trade Log'!B5:B1004<>"")),"") | B5: =IF(A5<>"",IFERROR(INDEX('Trade Log'!$G$5:$G$1004,MATCH(A5,'Trade Log'!$B$5:$B$1004,0)),""),"") | C5: =IF(A5<>"",IFERROR(INDEX('Trade Log'!$I$5:$I$1004,MATCH(A5,'Trade Log'!$B$5:$B$1004,0)),""),"") | D5: =IF(A5<>"",COUNTIF('Trade Log'!$B$5:$B$1004,A5),"") | E5: =IF(A5<>"",SUMIF('Trade Log'!$B$5:$B$1004,A5,'Trade Log'!$L$5:$L$1004),"") | F5: =IF(A5<>"",SUMIF('Trade Log'!$B$5:$B$1004,A5,'Trade Log'!$Q$5:$Q$1004),"") | G5: =IF(A5<>"",SUMIF('Trade Log'!$B$5:$B$1004,A5,'Trade Log'!$R$5:$R$1004),"") | H5: =IF(A5<>"",SUMIF('Trade Log'!$B$5:$B$1004,A5,'Trade Log'!$T$5:$T$1004),"") | I5: =IF(A5<>"",IFERROR(SUMIF('Trade Log'!$B$5:$B$1004,A5,'Trade Log'!$R$5:$R$1004)/SUMIF('Trade Log'!$B$5:$B$1004,A5,'Trade Log'!$Q$5:$Q$1004)-1,""),"") | J5: =IF(A5<>"",SUMIF('Trade Log'!$B$5:$B$1004,A5,'Trade Log'!$V$5:$V$1004),"") | K5: =IF(A5<>"",IFERROR(SUMIF('Trade Log'!$B$5:$B$1004,A5,'Trade Log'!$V$5:$V$1004)/SUMIF('Trade Log'!$B$5:$B$1004,A5,'Trade Log'!$Q$5:$Q$1004),""),"") | L5: =IF(A5<>"",IFERROR(SUMIFS('Trade Log'!$L$5:$L$1004,'Trade Log'!$B$5:$B$1004,A5,'Trade Log'!$E$5:$E$1004,""),0),"") | M5: =IF(A5<>"",IFERROR(INDEX('Trade Log'!$AB$5:$AB$1004,MATCH(2,1/('Trade Log'!$B$5:$B$1004=A5),1)),""),"")
B6: =IF(A6<>"",IFERROR(INDEX('Trade Log'!$G$5:$G$1004,MATCH(A6,'Trade Log'!$B$5:$B$1004,0)),""),"") | C6: =IF(A6<>"",IFERROR(INDEX('Trade Log'!$I$5:$I$1004,MATCH(A6,'Trade Log'!$B$5:$B$1004,0)),""),"") | D6: =IF(A6<>"",COUNTIF('Trade Log'!$B$5:$B$1004,A6),"") | E6: =IF(A6<>"",SUMIF('Trade Log'!$B$5:$B$1004,A6,'Trade Log'!$L$5:$L$1004),"") | F6: =IF(A6<>"",SUMIF('Trade Log'!$B$5:$B$1004,A6,'Trade Log'!$Q$5:$Q$1004),"") | G6: =IF(A6<>"",SUMIF('Trade Log'!$B$5:$B$1004,A6,'Trade Log'!$R$5:$R$1004),"") | H6: =IF(A6<>"",SUMIF('Trade Log'!$B$5:$B$1004,A6,'Trade Log'!$T$5:$T$1004),"") | I6: =IF(A6<>"",IFERROR(SUMIF('Trade Log'!$B$5:$B$1004,A6,'Trade Log'!$R$5:$R$1004)/SUMIF('Trade Log'!$B$5:$B$1004,A6,'Trade Log'!$Q$5:$Q$1004)-1,""),"") | J6: =IF(A6<>"",SUMIF('Trade Log'!$B$5:$B$1004,A6,'Trade Log'!$V$5:$V$1004),"") | K6: =IF(A6<>"",IFERROR(SUMIF('Trade Log'!$B$5:$B$1004,A6,'Trade Log'!$V$5:$V$1004)/SUMIF('Trade Log'!$B$5:$B$1004,A6,'Trade Log'!$Q$5:$Q$1004),""),"") | L6: =IF(A6<>"",IFERROR(SUMIFS('Trade Log'!$L$5:$L$1004,'Trade Log'!$B$5:$B$1004,A6,'Trade Log'!$E$5:$E$1004,""),0),"") | M6: =IF(A6<>"",IFERROR(INDEX('Trade Log'!$AB$5:$AB$1004,MATCH(2,1/('Trade Log'!$B$5:$B$1004=A6),1)),""),"")
B7: =IF(A7<>"",IFERROR(INDEX('Trade Log'!$G$5:$G$1004,MATCH(A7,'Trade Log'!$B$5:$B$1004,0)),""),"") | C7: =IF(A7<>"",IFERROR(INDEX('Trade Log'!$I$5:$I$1004,MATCH(A7,'Trade Log'!$B$5:$B$1004,0)),""),"") | D7: =IF(A7<>"",COUNTIF('Trade Log'!$B$5:$B$1004,A7),"") | E7: =IF(A7<>"",SUMIF('Trade Log'!$B$5:$B$1004,A7,'Trade Log'!$L$5:$L$1004),"") | F7: =IF(A7<>"",SUMIF('Trade Log'!$B$5:$B$1004,A7,'Trade Log'!$Q$5:$Q$1004),"") | G7: =IF(A7<>"",SUMIF('Trade Log'!$B$5:$B$1004,A7,'Trade Log'!$R$5:$R$1004),"") | H7: =IF(A7<>"",SUMIF('Trade Log'!$B$5:$B$1004,A7,'Trade Log'!$T$5:$T$1004),"") | I7: =IF(A7<>"",IFERROR(SUMIF('Trade Log'!$B$5:$B$1004,A7,'Trade Log'!$R$5:$R$1004)/SUMIF('Trade Log'!$B$5:$B$1004,A7,'Trade Log'!$Q$5:$Q$1004)-1,""),"") | J7: =IF(A7<>"",SUMIF('Trade Log'!$B$5:$B$1004,A7,'Trade Log'!$V$5:$V$1004),"") | K7: =IF(A7<>"",IFERROR(SUMIF('Trade Log'!$B$5:$B$1004,A7,'Trade Log'!$V$5:$V$1004)/SUMIF('Trade Log'!$B$5:$B$1004,A7,'Trade Log'!$Q$5:$Q$1004),""),"") | L7: =IF(A7<>"",IFERROR(SUMIFS('Trade Log'!$L$5:$L$1004,'Trade Log'!$B$5:$B$1004,A7,'Trade Log'!$E$5:$E$1004,""),0),"") | M7: =IF(A7<>"",IFERROR(INDEX('Trade Log'!$AB$5:$AB$1004,MATCH(2,1/('Trade Log'!$B$5:$B$1004=A7),1)),""),"")
B8: =IF(A8<>"",IFERROR(INDEX('Trade Log'!$G$5:$G$1004,MATCH(A8,'Trade Log'!$B$5:$B$1004,0)),""),"") | C8: =IF(A8<>"",IFERROR(INDEX('Trade Log'!$I$5:$I$1004,MATCH(A8,'Trade Log'!$B$5:$B$1004,0)),""),"") | D8: =IF(A8<>"",COUNTIF('Trade Log'!$B$5:$B$1004,A8),"") | E8: =IF(A8<>"",SUMIF('Trade Log'!$B$5:$B$1004,A8,'Trade Log'!$L$5:$L$1004),"") | F8: =IF(A8<>"",SUMIF('Trade Log'!$B$5:$B$1004,A8,'Trade Log'!$Q$5:$Q$1004),"") | G8: =IF(A8<>"",SUMIF('Trade Log'!$B$5:$B$1004,A8,'Trade Log'!$R$5:$R$1004),"") | H8: =IF(A8<>"",SUMIF('Trade Log'!$B$5:$B$1004,A8,'Trade Log'!$T$5:$T$1004),"") | I8: =IF(A8<>"",IFERROR(SUMIF('Trade Log'!$B$5:$B$1004,A8,'Trade Log'!$R$5:$R$1004)/SUMIF('Trade Log'!$B$5:$B$1004,A8,'Trade Log'!$Q$5:$Q$1004)-1,""),"") | J8: =IF(A8<>"",SUMIF('Trade Log'!$B$5:$B$1004,A8,'Trade Log'!$V$5:$V$1004),"") | K8: =IF(A8<>"",IFERROR(SUMIF('Trade Log'!$B$5:$B$1004,A8,'Trade Log'!$V$5:$V$1004)/SUMIF('Trade Log'!$B$5:$B$1004,A8,'Trade Log'!$Q$5:$Q$1004),""),"") | L8: =IF(A8<>"",IFERROR(SUMIFS('Trade Log'!$L$5:$L$1004,'Trade Log'!$B$5:$B$1004,A8,'Trade Log'!$E$5:$E$1004,""),0),"") | M8: =IF(A8<>"",IFERROR(INDEX('Trade Log'!$AB$5:$AB$1004,MATCH(2,1/('Trade Log'!$B$5:$B$1004=A8),1)),""),"")
B9: =IF(A9<>"",IFERROR(INDEX('Trade Log'!$G$5:$G$1004,MATCH(A9,'Trade Log'!$B$5:$B$1004,0)),""),"") | C9: =IF(A9<>"",IFERROR(INDEX('Trade Log'!$I$5:$I$1004,MATCH(A9,'Trade Log'!$B$5:$B$1004,0)),""),"") | D9: =IF(A9<>"",COUNTIF('Trade Log'!$B$5:$B$1004,A9),"") | E9: =IF(A9<>"",SUMIF('Trade Log'!$B$5:$B$1004,A9,'Trade Log'!$L$5:$L$1004),"") | F9: =IF(A9<>"",SUMIF('Trade Log'!$B$5:$B$1004,A9,'Trade Log'!$Q$5:$Q$1004),"") | G9: =IF(A9<>"",SUMIF('Trade Log'!$B$5:$B$1004,A9,'Trade Log'!$R$5:$R$1004),"") | H9: =IF(A9<>"",SUMIF('Trade Log'!$B$5:$B$1004,A9,'Trade Log'!$T$5:$T$1004),"") | I9: =IF(A9<>"",IFERROR(SUMIF('Trade Log'!$B$5:$B$1004,A9,'Trade Log'!$R$5:$R$1004)/SUMIF('Trade Log'!$B$5:$B$1004,A9,'Trade Log'!$Q$5:$Q$1004)-1,""),"") | J9: =IF(A9<>"",SUMIF('Trade Log'!$B$5:$B$1004,A9,'Trade Log'!$V$5:$V$1004),"") | K9: =IF(A9<>"",IFERROR(SUMIF('Trade Log'!$B$5:$B$1004,A9,'Trade Log'!$V$5:$V$1004)/SUMIF('Trade Log'!$B$5:$B$1004,A9,'Trade Log'!$Q$5:$Q$1004),""),"") | L9: =IF(A9<>"",IFERROR(SUMIFS('Trade Log'!$L$5:$L$1004,'Trade Log'!$B$5:$B$1004,A9,'Trade Log'!$E$5:$E$1004,""),0),"") | M9: =IF(A9<>"",IFERROR(INDEX('Trade Log'!$AB$5:$AB$1004,MATCH(2,1/('Trade Log'!$B$5:$B$1004=A9),1)),""),"")
B10: =IF(A10<>"",IFERROR(INDEX('Trade Log'!$G$5:$G$1004,MATCH(A10,'Trade Log'!$B$5:$B$1004,0)),""),"") | C10: =IF(A10<>"",IFERROR(INDEX('Trade Log'!$I$5:$I$1004,MATCH(A10,'Trade Log'!$B$5:$B$1004,0)),""),"") | D10: =IF(A10<>"",COUNTIF('Trade Log'!$B$5:$B$1004,A10),"") | E10: =IF(A10<>"",SUMIF('Trade Log'!$B$5:$B$1004,A10,'Trade Log'!$L$5:$L$1004),"") | F10: =IF(A10<>"",SUMIF('Trade Log'!$B$5:$B$1004,A10,'Trade Log'!$Q$5:$Q$1004),"") | G10: =IF(A10<>"",SUMIF('Trade Log'!$B$5:$B$1004,A10,'Trade Log'!$R$5:$R$1004),"") | H10: =IF(A10<>"",SUMIF('Trade Log'!$B$5:$B$1004,A10,'Trade Log'!$T$5:$T$1004),"") | I10: =IF(A10<>"",IFERROR(SUMIF('Trade Log'!$B$5:$B$1004,A10,'Trade Log'!$R$5:$R$1004)/SUMIF('Trade Log'!$B$5:$B$1004,A10,'Trade Log'!$Q$5:$Q$1004)-1,""),"") | J10: =IF(A10<>"",SUMIF('Trade Log'!$B$5:$B$1004,A10,'Trade Log'!$V$5:$V$1004),"") | K10: =IF(A10<>"",IFERROR(SUMIF('Trade Log'!$B$5:$B$1004,A10,'Trade Log'!$V$5:$V$1004)/SUMIF('Trade Log'!$B$5:$B$1004,A10,'Trade Log'!$Q$5:$Q$1004),""),"") | L10: =IF(A10<>"",IFERROR(SUMIFS('Trade Log'!$L$5:$L$1004,'Trade Log'!$B$5:$B$1004,A10,'Trade Log'!$E$5:$E$1004,""),0),"") | M10: =IF(A10<>"",IFERROR(INDEX('Trade Log'!$AB$5:$AB$1004,MATCH(2,1/('Trade Log'!$B$5:$B$1004=A10),1)),""),"")
B11: =IF(A11<>"",IFERROR(INDEX('Trade Log'!$G$5:$G$1004,MATCH(A11,'Trade Log'!$B$5:$B$1004,0)),""),"") | C11: =IF(A11<>"",IFERROR(INDEX('Trade Log'!$I$5:$I$1004,MATCH(A11,'Trade Log'!$B$5:$B$1004,0)),""),"") | D11: =IF(A11<>"",COUNTIF('Trade Log'!$B$5:$B$1004,A11),"") | E11: =IF(A11<>"",SUMIF('Trade Log'!$B$5:$B$1004,A11,'Trade Log'!$L$5:$L$1004),"") | F11: =IF(A11<>"",SUMIF('Trade Log'!$B$5:$B$1004,A11,'Trade Log'!$Q$5:$Q$1004),"") | G11: =IF(A11<>"",SUMIF('Trade Log'!$B$5:$B$1004,A11,'Trade Log'!$R$5:$R$1004),"") | H11: =IF(A11<>"",SUMIF('Trade Log'!$B$5:$B$1004,A11,'Trade Log'!$T$5:$T$1004),"") | I11: =IF(A11<>"",IFERROR(SUMIF('Trade Log'!$B$5:$B$1004,A11,'Trade Log'!$R$5:$R$1004)/SUMIF('Trade Log'!$B$5:$B$1004,A11,'Trade Log'!$Q$5:$Q$1004)-1,""),"") | J11: =IF(A11<>"",SUMIF('Trade Log'!$B$5:$B$1004,A11,'Trade Log'!$V$5:$V$1004),"") | K11: =IF(A11<>"",IFERROR(SUMIF('Trade Log'!$B$5:$B$1004,A11,'Trade Log'!$V$5:$V$1004)/SUMIF('Trade Log'!$B$5:$B$1004,A11,'Trade Log'!$Q$5:$Q$1004),""),"") | L11: =IF(A11<>"",IFERROR(SUMIFS('Trade Log'!$L$5:$L$1004,'Trade Log'!$B$5:$B$1004,A11,'Trade Log'!$E$5:$E$1004,""),0),"") | M11: =IF(A11<>"",IFERROR(INDEX('Trade Log'!$AB$5:$AB$1004,MATCH(2,1/('Trade Log'!$B$5:$B$1004=A11),1)),""),"")
B12: =IF(A12<>"",IFERROR(INDEX('Trade Log'!$G$5:$G$1004,MATCH(A12,'Trade Log'!$B$5:$B$1004,0)),""),"") | C12: =IF(A12<>"",IFERROR(INDEX('Trade Log'!$I$5:$I$1004,MATCH(A12,'Trade Log'!$B$5:$B$1004,0)),""),"") | D12: =IF(A12<>"",COUNTIF('Trade Log'!$B$5:$B$1004,A12),"") | E12: =IF(A12<>"",SUMIF('Trade Log'!$B$5:$B$1004,A12,'Trade Log'!$L$5:$L$1004),"") | F12: =IF(A12<>"",SUMIF('Trade Log'!$B$5:$B$1004,A12,'Trade Log'!$Q$5:$Q$1004),"") | G12: =IF(A12<>"",SUMIF('Trade Log'!$B$5:$B$1004,A12,'Trade Log'!$R$5:$R$1004),"") | H12: =IF(A12<>"",SUMIF('Trade Log'!$B$5:$B$1004,A12,'Trade Log'!$T$5:$T$1004),"") | I12: =IF(A12<>"",IFERROR(SUMIF('Trade Log'!$B$5:$B$1004,A12,'Trade Log'!$R$5:$R$1004)/SUMIF('Trade Log'!$B$5:$B$1004,A12,'Trade Log'!$Q$5:$Q$1004)-1,""),"") | J12: =IF(A12<>"",SUMIF('Trade Log'!$B$5:$B$1004,A12,'Trade Log'!$V$5:$V$1004),"") | K12: =IF(A12<>"",IFERROR(SUMIF('Trade Log'!$B$5:$B$1004,A12,'Trade Log'!$V$5:$V$1004)/SUMIF('Trade Log'!$B$5:$B$1004,A12,'Trade Log'!$Q$5:$Q$1004),""),"") | L12: =IF(A12<>"",IFERROR(SUMIFS('Trade Log'!$L$5:$L$1004,'Trade Log'!$B$5:$B$1004,A12,'Trade Log'!$E$5:$E$1004,""),0),"") | M12: =IF(A12<>"",IFERROR(INDEX('Trade Log'!$AB$5:$AB$1004,MATCH(2,1/('Trade Log'!$B$5:$B$1004=A12),1)),""),"")
B13: =IF(A13<>"",IFERROR(INDEX('Trade Log'!$G$5:$G$1004,MATCH(A13,'Trade Log'!$B$5:$B$1004,0)),""),"") | C13: =IF(A13<>"",IFERROR(INDEX('Trade Log'!$I$5:$I$1004,MATCH(A13,'Trade Log'!$B$5:$B$1004,0)),""),"") | D13: =IF(A13<>"",COUNTIF('Trade Log'!$B$5:$B$1004,A13),"") | E13: =IF(A13<>"",SUMIF('Trade Log'!$B$5:$B$1004,A13,'Trade Log'!$L$5:$L$1004),"") | F13: =IF(A13<>"",SUMIF('Trade Log'!$B$5:$B$1004,A13,'Trade Log'!$Q$5:$Q$1004),"") | G13: =IF(A13<>"",SUMIF('Trade Log'!$B$5:$B$1004,A13,'Trade Log'!$R$5:$R$1004),"") | H13: =IF(A13<>"",SUMIF('Trade Log'!$B$5:$B$1004,A13,'Trade Log'!$T$5:$T$1004),"") | I13: =IF(A13<>"",IFERROR(SUMIF('Trade Log'!$B$5:$B$1004,A13,'Trade Log'!$R$5:$R$1004)/SUMIF('Trade Log'!$B$5:$B$1004,A13,'Trade Log'!$Q$5:$Q$1004)-1,""),"") | J13: =IF(A13<>"",SUMIF('Trade Log'!$B$5:$B$1004,A13,'Trade Log'!$V$5:$V$1004),"") | K13: =IF(A13<>"",IFERROR(SUMIF('Trade Log'!$B$5:$B$1004,A13,'Trade Log'!$V$5:$V$1004)/SUMIF('Trade Log'!$B$5:$B$1004,A13,'Trade Log'!$Q$5:$Q$1004),""),"") | L13: =IF(A13<>"",IFERROR(SUMIFS('Trade Log'!$L$5:$L$1004,'Trade Log'!$B$5:$B$1004,A13,'Trade Log'!$E$5:$E$1004,""),0),"") | M13: =IF(A13<>"",IFERROR(INDEX('Trade Log'!$AB$5:$AB$1004,MATCH(2,1/('Trade Log'!$B$5:$B$1004=A13),1)),""),"")
B14: =IF(A14<>"",IFERROR(INDEX('Trade Log'!$G$5:$G$1004,MATCH(A14,'Trade Log'!$B$5:$B$1004,0)),""),"") | C14: =IF(A14<>"",IFERROR(INDEX('Trade Log'!$I$5:$I$1004,MATCH(A14,'Trade Log'!$B$5:$B$1004,0)),""),"") | D14: =IF(A14<>"",COUNTIF('Trade Log'!$B$5:$B$1004,A14),"") | E14: =IF(A14<>"",SUMIF('Trade Log'!$B$5:$B$1004,A14,'Trade Log'!$L$5:$L$1004),"") | F14: =IF(A14<>"",SUMIF('Trade Log'!$B$5:$B$1004,A14,'Trade Log'!$Q$5:$Q$1004),"") | G14: =IF(A14<>"",SUMIF('Trade Log'!$B$5:$B$1004,A14,'Trade Log'!$R$5:$R$1004),"") | H14: =IF(A14<>"",SUMIF('Trade Log'!$B$5:$B$1004,A14,'Trade Log'!$T$5:$T$1004),"") | I14: =IF(A14<>"",IFERROR(SUMIF('Trade Log'!$B$5:$B$1004,A14,'Trade Log'!$R$5:$R$1004)/SUMIF('Trade Log'!$B$5:$B$1004,A14,'Trade Log'!$Q$5:$Q$1004)-1,""),"") | J14: =IF(A14<>"",SUMIF('Trade Log'!$B$5:$B$1004,A14,'Trade Log'!$V$5:$V$1004),"") | K14: =IF(A14<>"",IFERROR(SUMIF('Trade Log'!$B$5:$B$1004,A14,'Trade Log'!$V$5:$V$1004)/SUMIF('Trade Log'!$B$5:$B$1004,A14,'Trade Log'!$Q$5:$Q$1004),""),"") | L14: =IF(A14<>"",IFERROR(SUMIFS('Trade Log'!$L$5:$L$1004,'Trade Log'!$B$5:$B$1004,A14,'Trade Log'!$E$5:$E$1004,""),0),"") | M14: =IF(A14<>"",IFERROR(INDEX('Trade Log'!$AB$5:$AB$1004,MATCH(2,1/('Trade Log'!$B$5:$B$1004=A14),1)),""),"")
B15: =IF(A15<>"",IFERROR(INDEX('Trade Log'!$G$5:$G$1004,MATCH(A15,'Trade Log'!$B$5:$B$1004,0)),""),"") | C15: =IF(A15<>"",IFERROR(INDEX('Trade Log'!$I$5:$I$1004,MATCH(A15,'Trade Log'!$B$5:$B$1004,0)),""),"") | D15: =IF(A15<>"",COUNTIF('Trade Log'!$B$5:$B$1004,A15),"") | E15: =IF(A15<>"",SUMIF('Trade Log'!$B$5:$B$1004,A15,'Trade Log'!$L$5:$L$1004),"") | F15: =IF(A15<>"",SUMIF('Trade Log'!$B$5:$B$1004,A15,'Trade Log'!$Q$5:$Q$1004),"") | G15: =IF(A15<>"",SUMIF('Trade Log'!$B$5:$B$1004,A15,'Trade Log'!$R$5:$R$1004),"") | H15: =IF(A15<>"",SUMIF('Trade Log'!$B$5:$B$1004,A15,'Trade Log'!$T$5:$T$1004),"") | I15: =IF(A15<>"",IFERROR(SUMIF('Trade Log'!$B$5:$B$1004,A15,'Trade Log'!$R$5:$R$1004)/SUMIF('Trade Log'!$B$5:$B$1004,A15,'Trade Log'!$Q$5:$Q$1004)-1,""),"") | J15: =IF(A15<>"",SUMIF('Trade Log'!$B$5:$B$1004,A15,'Trade Log'!$V$5:$V$1004),"") | K15: =IF(A15<>"",IFERROR(SUMIF('Trade Log'!$B$5:$B$1004,A15,'Trade Log'!$V$5:$V$1004)/SUMIF('Trade Log'!$B$5:$B$1004,A15,'Trade Log'!$Q$5:$Q$1004),""),"") | L15: =IF(A15<>"",IFERROR(SUMIFS('Trade Log'!$L$5:$L$1004,'Trade Log'!$B$5:$B$1004,A15,'Trade Log'!$E$5:$E$1004,""),0),"") | M15: =IF(A15<>"",IFERROR(INDEX('Trade Log'!$AB$5:$AB$1004,MATCH(2,1/('Trade Log'!$B$5:$B$1004=A15),1)),""),"")
B16: =IF(A16<>"",IFERROR(INDEX('Trade Log'!$G$5:$G$1004,MATCH(A16,'Trade Log'!$B$5:$B$1004,0)),""),"") | C16: =IF(A16<>"",IFERROR(INDEX('Trade Log'!$I$5:$I$1004,MATCH(A16,'Trade Log'!$B$5:$B$1004,0)),""),"") | D16: =IF(A16<>"",COUNTIF('Trade Log'!$B$5:$B$1004,A16),"") | E16: =IF(A16<>"",SUMIF('Trade Log'!$B$5:$B$1004,A16,'Trade Log'!$L$5:$L$1004),"") | F16: =IF(A16<>"",SUMIF('Trade Log'!$B$5:$B$1004,A16,'Trade Log'!$Q$5:$Q$1004),"") | G16: =IF(A16<>"",SUMIF('Trade Log'!$B$5:$B$1004,A16,'Trade Log'!$R$5:$R$1004),"") | H16: =IF(A16<>"",SUMIF('Trade Log'!$B$5:$B$1004,A16,'Trade Log'!$T$5:$T$1004),"") | I16: =IF(A16<>"",IFERROR(SUMIF('Trade Log'!$B$5:$B$1004,A16,'Trade Log'!$R$5:$R$1004)/SUMIF('Trade Log'!$B$5:$B$1004,A16,'Trade Log'!$Q$5:$Q$1004)-1,""),"") | J16: =IF(A16<>"",SUMIF('Trade Log'!$B$5:$B$1004,A16,'Trade Log'!$V$5:$V$1004),"") | K16: =IF(A16<>"",IFERROR(SUMIF('Trade Log'!$B$5:$B$1004,A16,'Trade Log'!$V$5:$V$1004)/SUMIF('Trade Log'!$B$5:$B$1004,A16,'Trade Log'!$Q$5:$Q$1004),""),"") | L16: =IF(A16<>"",IFERROR(SUMIFS('Trade Log'!$L$5:$L$1004,'Trade Log'!$B$5:$B$1004,A16,'Trade Log'!$E$5:$E$1004,""),0),"") | M16: =IF(A16<>"",IFERROR(INDEX('Trade Log'!$AB$5:$AB$1004,MATCH(2,1/('Trade Log'!$B$5:$B$1004=A16),1)),""),"")
B17: =IF(A17<>"",IFERROR(INDEX('Trade Log'!$G$5:$G$1004,MATCH(A17,'Trade Log'!$B$5:$B$1004,0)),""),"") | C17: =IF(A17<>"",IFERROR(INDEX('Trade Log'!$I$5:$I$1004,MATCH(A17,'Trade Log'!$B$5:$B$1004,0)),""),"") | D17: =IF(A17<>"",COUNTIF('Trade Log'!$B$5:$B$1004,A17),"") | E17: =IF(A17<>"",SUMIF('Trade Log'!$B$5:$B$1004,A17,'Trade Log'!$L$5:$L$1004),"") | F17: =IF(A17<>"",SUMIF('Trade Log'!$B$5:$B$1004,A17,'Trade Log'!$Q$5:$Q$1004),"") | G17: =IF(A17<>"",SUMIF('Trade Log'!$B$5:$B$1004,A17,'Trade Log'!$R$5:$R$1004),"") | H17: =IF(A17<>"",SUMIF('Trade Log'!$B$5:$B$1004,A17,'Trade Log'!$T$5:$T$1004),"") | I17: =IF(A17<>"",IFERROR(SUMIF('Trade Log'!$B$5:$B$1004,A17,'Trade Log'!$R$5:$R$1004)/SUMIF('Trade Log'!$B$5:$B$1004,A17,'Trade Log'!$Q$5:$Q$1004)-1,""),"") | J17: =IF(A17<>"",SUMIF('Trade Log'!$B$5:$B$1004,A17,'Trade Log'!$V$5:$V$1004),"") | K17: =IF(A17<>"",IFERROR(SUMIF('Trade Log'!$B$5:$B$1004,A17,'Trade Log'!$V$5:$V$1004)/SUMIF('Trade Log'!$B$5:$B$1004,A17,'Trade Log'!$Q$5:$Q$1004),""),"") | L17: =IF(A17<>"",IFERROR(SUMIFS('Trade Log'!$L$5:$L$1004,'Trade Log'!$B$5:$B$1004,A17,'Trade Log'!$E$5:$E$1004,""),0),"") | M17: =IF(A17<>"",IFERROR(INDEX('Trade Log'!$AB$5:$AB$1004,MATCH(2,1/('Trade Log'!$B$5:$B$1004=A17),1)),""),"")
... B204: =IF(A204<>"",IFERROR(INDEX('Trade Log'!$G$5:$G$1004,MATCH(A204,'Trade Log'!$B$5:$B$1004,0)),""),"") | C204: =IF(A204<>"",IFERROR(INDEX('Trade Log'!$I$5:$I$1004,MATCH(A204,'Trade Log'!$B$5:$B$1004,0)),""),"") | D204: =IF(A204<>"",COUNTIF('Trade Log'!$B$5:$B$1004,A204),"") | E204: =IF(A204<>"",SUMIF('Trade Log'!$B$5:$B$1004,A204,'Trade Log'!$L$5:$L$1004),"") | F204: =IF(A204<>"",SUMIF('Trade Log'!$B$5:$B$1004,A204,'Trade Log'!$Q$5:$Q$1004),"") | G204: =IF(A204<>"",SUMIF('Trade Log'!$B$5:$B$1004,A204,'Trade Log'!$R$5:$R$1004),"") | H204: =IF(A204<>"",SUMIF('Trade Log'!$B$5:$B$1004,A204,'Trade Log'!$T$5:$T$1004),"") | I204: =IF(A204<>"",IFERROR(SUMIF('Trade Log'!$B$5:$B$1004,A204,'Trade Log'!$R$5:$R$1004)/SUMIF('Trade Log'!$B$5:$B$1004,A204,'Trade Log'!$Q$5:$Q$1004)-1,""),"") | J204: =IF(A204<>"",SUMIF('Trade Log'!$B$5:$B$1004,A204,'Trade Log'!$V$5:$V$1004),"") | K204: =IF(A204<>"",IFERROR(SUMIF('Trade Log'!$B$5:$B$1004,A204,'Trade Log'!$V$5:$V$1004)/SUMIF('Trade Log'!$B$5:$B$1004,A204,'Trade Log'!$Q$5:$Q$1004),""),"") | L204: =IF(A204<>"",IFERROR(SUMIFS('Trade Log'!$L$5:$L$1004,'Trade Log'!$B$5:$B$1004,A204,'Trade Log'!$E$5:$E$1004,""),0),"") | M204: =IF(A204<>"",IFERROR(INDEX('Trade Log'!$AB$5:$AB$1004,MATCH(2,1/('Trade Log'!$B$5:$B$1004=A204),1)),""),"")

Sheet Dashboard
A1: 📊 TRADE DASHBOARD
A2: Auto-updates from Trade Log · Individual fill stats · See Position Summary for rolled-up position P&L
A4: TOTAL FILLS | B4: WIN RATE | C4: TOTAL P&L | D4: BEST TRADE ($) | E4: WORST TRADE ($) | F4: AVG P&L / FILL | G4: AVG P&L % | H4: MAX P&L % | I4: TOTAL MAX P&L | J4: $ LEFT ON TABLE
A5: =COUNTA('Trade Log'!G5:G1004) -> 0 | B5: =IFERROR(COUNTIF('Trade Log'!T5:T1004,">0")/COUNTA('Trade Log'!T5:T1004),"—") -> 0 | C5: =IFERROR(SUM('Trade Log'!T5:T1004),"—") -> 0 | D5: =IFERROR(MAX('Trade Log'!T5:T1004),"—") -> 0 | E5: =IFERROR(MIN('Trade Log'!T5:T1004),"—") -> 0 | F5: =IFERROR(AVERAGE('Trade Log'!T5:T1004),"—") -> — | G5: =IFERROR(AVERAGE('Trade Log'!U5:U1004),"—") -> — | H5: =IFERROR(MAX('Trade Log'!U5:U1004),"—") -> 0 | I5: =IFERROR(SUM('Trade Log'!V5:V1004),"—") -> 0 | J5: =IFERROR(SUM('Trade Log'!V5:V1004)-SUM('Trade Log'!T5:T1004),"—") -> 0
A7: AVG ACTUAL R:R | B7: TOTAL FEES | D7: AVG DAYS HELD | E7: TOTAL POSITIONS | F7: BEST TICKER | G7: BEST TICKER P&L | H7: MOST TRADED | I7: AVG MAX P&L % | J7: MAX POSSIBLE %
A8: =IFERROR(CONCATENATE("1 : ",TEXT(AVERAGEIF('Trade Log'!O5:O1004,"<>",'Trade Log'!U5:U1004),"0.00")),"—") -> — | B8: =IFERROR(SUM('Trade Log'!N5:N1004),"—") -> 0 | D8: =IFERROR(AVERAGEIF('Trade Log'!AA5:AA1004,">0"),"—") -> — | E8: =IFERROR(COUNTA(unique(filter('Trade Log'!B5:B1004,'Trade Log'!B5:B1004<>""))),"—") -> 1 | F8: =IFERROR(INDEX($A$24:$A$123,MATCH(MAX(IFERROR($C$24:$C$123*1,0)),$C$24:$C$123,0)),"—") -> — | G8: =IFERROR(IF(F8="—","—",SUMIF('Trade Log'!$G$5:$G$1004,F8,'Trade Log'!$T$5:$T$1004)),"—") -> — | H8: =IFERROR(INDEX('Trade Log'!G5:G1004,MATCH(MAX(COUNTIF('Trade Log'!G5:G1004,unique(filter('Trade Log'!G5:G1004,'Trade Log'!G5:G1004<>"")))),COUNTIF('Trade Log'!G5:G1004,unique(filter('Trade Log'!G5:G1004,'Trade Log'!G5:G1004<>""))),0)),"—") -> — | I8: =IFERROR(AVERAGE('Trade Log'!W5:W1004),"—") -> — | J8: =IFERROR(MAX('Trade Log'!W5:W1004),"—") -> 0
A10: Strategy | B10: # Fills | C10: Total P&L | D10: Win Rate | E10: Avg P&L | F10: Avg P&L % | G10: Max P&L % | H10: Best Trade | I10: Avg Max P&L % | J10: Left on Table
A11: Long Call | B11: =COUNTIF('Trade Log'!I5:I1004,"Long Call") -> 0 | C11: =IFERROR(SUMIF('Trade Log'!I5:I1004,"Long Call",'Trade Log'!T5:T1004),"—") -> 0 | D11: =IFERROR(COUNTIFS('Trade Log'!I5:I1004,"Long Call",'Trade Log'!T5:T1004,">0")/COUNTIF('Trade Log'!I5:I1004,"Long Call"),"—") -> — | E11: =IFERROR(AVERAGEIF('Trade Log'!I5:I1004,"Long Call",'Trade Log'!T5:T1004),"—") -> — | F11: =IFERROR(AVERAGEIF('Trade Log'!I5:I1004,"Long Call",'Trade Log'!U5:U1004),"—") -> — | G11: =IFERROR(maxifs('Trade Log'!U5:U1004,'Trade Log'!I5:I1004,"Long Call"),"—") -> — | H11: =IFERROR(maxifs('Trade Log'!T5:T1004,'Trade Log'!I5:I1004,"Long Call"),"—") -> — | I11: =IFERROR(AVERAGEIF('Trade Log'!I5:I1004,"Long Call",'Trade Log'!W5:W1004),"—") -> — | J11: =IFERROR(SUMIF('Trade Log'!I5:I1004,"Long Call",'Trade Log'!V5:V1004)-SUMIF('Trade Log'!I5:I1004,"Long Call",'Trade Log'!T5:T1004),"—") -> 0
A12: Long Put | B12: =COUNTIF('Trade Log'!I5:I1004,"Long Put") -> 0 | C12: =IFERROR(SUMIF('Trade Log'!I5:I1004,"Long Put",'Trade Log'!T5:T1004),"—") -> 0 | D12: =IFERROR(COUNTIFS('Trade Log'!I5:I1004,"Long Put",'Trade Log'!T5:T1004,">0")/COUNTIF('Trade Log'!I5:I1004,"Long Put"),"—") -> — | E12: =IFERROR(AVERAGEIF('Trade Log'!I5:I1004,"Long Put",'Trade Log'!T5:T1004),"—") -> — | F12: =IFERROR(AVERAGEIF('Trade Log'!I5:I1004,"Long Put",'Trade Log'!U5:U1004),"—") -> — | G12: =IFERROR(maxifs('Trade Log'!U5:U1004,'Trade Log'!I5:I1004,"Long Put"),"—") -> — | H12: =IFERROR(maxifs('Trade Log'!T5:T1004,'Trade Log'!I5:I1004,"Long Put"),"—") -> — | I12: =IFERROR(AVERAGEIF('Trade Log'!I5:I1004,"Long Put",'Trade Log'!W5:W1004),"—") -> — | J12: =IFERROR(SUMIF('Trade Log'!I5:I1004,"Long Put",'Trade Log'!V5:V1004)-SUMIF('Trade Log'!I5:I1004,"Long Put",'Trade Log'!T5:T1004),"—") -> 0
A13: Covered Call | B13: =COUNTIF('Trade Log'!I5:I1004,"Covered Call") -> 0 | C13: =IFERROR(SUMIF('Trade Log'!I5:I1004,"Covered Call",'Trade Log'!T5:T1004),"—") -> 0 | D13: =IFERROR(COUNTIFS('Trade Log'!I5:I1004,"Covered Call",'Trade Log'!T5:T1004,">0")/COUNTIF('Trade Log'!I5:I1004,"Covered Call"),"—") -> — | E13: =IFERROR(AVERAGEIF('Trade Log'!I5:I1004,"Covered Call",'Trade Log'!T5:T1004),"—") -> — | F13: =IFERROR(AVERAGEIF('Trade Log'!I5:I1004,"Covered Call",'Trade Log'!U5:U1004),"—") -> — | G13: =IFERROR(maxifs('Trade Log'!U5:U1004,'Trade Log'!I5:I1004,"Covered Call"),"—") -> — | H13: =IFERROR(maxifs('Trade Log'!T5:T1004,'Trade Log'!I5:I1004,"Covered Call"),"—") -> — | I13: =IFERROR(AVERAGEIF('Trade Log'!I5:I1004,"Covered Call",'Trade Log'!W5:W1004),"—") -> — | J13: =IFERROR(SUMIF('Trade Log'!I5:I1004,"Covered Call",'Trade Log'!V5:V1004)-SUMIF('Trade Log'!I5:I1004,"Covered Call",'Trade Log'!T5:T1004),"—") -> 0
A14: Cash-Secured Put | B14: =COUNTIF('Trade Log'!I5:I1004,"Cash-Secured Put") -> 0 | C14: =IFERROR(SUMIF('Trade Log'!I5:I1004,"Cash-Secured Put",'Trade Log'!T5:T1004),"—") -> 0 | D14: =IFERROR(COUNTIFS('Trade Log'!I5:I1004,"Cash-Secured Put",'Trade Log'!T5:T1004,">0")/COUNTIF('Trade Log'!I5:I1004,"Cash-Secured Put"),"—") -> — | E14: =IFERROR(AVERAGEIF('Trade Log'!I5:I1004,"Cash-Secured Put",'Trade Log'!T5:T1004),"—") -> — | F14: =IFERROR(AVERAGEIF('Trade Log'!I5:I1004,"Cash-Secured Put",'Trade Log'!U5:U1004),"—") -> — | G14: =IFERROR(maxifs('Trade Log'!U5:U1004,'Trade Log'!I5:I1004,"Cash-Secured Put"),"—") -> — | H14: =IFERROR(maxifs('Trade Log'!T5:T1004,'Trade Log'!I5:I1004,"Cash-Secured Put"),"—") -> — | I14: =IFERROR(AVERAGEIF('Trade Log'!I5:I1004,"Cash-Secured Put",'Trade Log'!W5:W1004),"—") -> — | J14: =IFERROR(SUMIF('Trade Log'!I5:I1004,"Cash-Secured Put",'Trade Log'!V5:V1004)-SUMIF('Trade Log'!I5:I1004,"Cash-Secured Put",'Trade Log'!T5:T1004),"—") -> 0
A15: Bull Call Spread | B15: =COUNTIF('Trade Log'!I5:I1004,"Bull Call Spread") -> 0 | C15: =IFERROR(SUMIF('Trade Log'!I5:I1004,"Bull Call Spread",'Trade Log'!T5:T1004),"—") -> 0 | D15: =IFERROR(COUNTIFS('Trade Log'!I5:I1004,"Bull Call Spread",'Trade Log'!T5:T1004,">0")/COUNTIF('Trade Log'!I5:I1004,"Bull Call Spread"),"—") -> — | E15: =IFERROR(AVERAGEIF('Trade Log'!I5:I1004,"Bull Call Spread",'Trade Log'!T5:T1004),"—") -> — | F15: =IFERROR(AVERAGEIF('Trade Log'!I5:I1004,"Bull Call Spread",'Trade Log'!U5:U1004),"—") -> — | G15: =IFERROR(maxifs('Trade Log'!U5:U1004,'Trade Log'!I5:I1004,"Bull Call Spread"),"—") -> — | H15: =IFERROR(maxifs('Trade Log'!T5:T1004,'Trade Log'!I5:I1004,"Bull Call Spread"),"—") -> — | I15: =IFERROR(AVERAGEIF('Trade Log'!I5:I1004,"Bull Call Spread",'Trade Log'!W5:W1004),"—") -> — | J15: =IFERROR(SUMIF('Trade Log'!I5:I1004,"Bull Call Spread",'Trade Log'!V5:V1004)-SUMIF('Trade Log'!I5:I1004,"Bull Call Spread",'Trade Log'!T5:T1004),"—") -> 0
A16: Bear Put Spread | B16: =COUNTIF('Trade Log'!I5:I1004,"Bear Put Spread") -> 0 | C16: =IFERROR(SUMIF('Trade Log'!I5:I1004,"Bear Put Spread",'Trade Log'!T5:T1004),"—") -> 0 | D16: =IFERROR(COUNTIFS('Trade Log'!I5:I1004,"Bear Put Spread",'Trade Log'!T5:T1004,">0")/COUNTIF('Trade Log'!I5:I1004,"Bear Put Spread"),"—") -> — | E16: =IFERROR(AVERAGEIF('Trade Log'!I5:I1004,"Bear Put Spread",'Trade Log'!T5:T1004),"—") -> — | F16: =IFERROR(AVERAGEIF('Trade Log'!I5:I1004,"Bear Put Spread",'Trade Log'!U5:U1004),"—") -> — | G16: =IFERROR(maxifs('Trade Log'!U5:U1004,'Trade Log'!I5:I1004,"Bear Put Spread"),"—") -> — | H16: =IFERROR(maxifs('Trade Log'!T5:T1004,'Trade Log'!I5:I1004,"Bear Put Spread"),"—") -> — | I16: =IFERROR(AVERAGEIF('Trade Log'!I5:I1004,"Bear Put Spread",'Trade Log'!W5:W1004),"—") -> — | J16: =IFERROR(SUMIF('Trade Log'!I5:I1004,"Bear Put Spread",'Trade Log'!V5:V1004)-SUMIF('Trade Log'!I5:I1004,"Bear Put Spread",'Trade Log'!T5:T1004),"—") -> 0
A17: Iron Condor | B17: =COUNTIF('Trade Log'!I5:I1004,"Iron Condor") -> 0 | C17: =IFERROR(SUMIF('Trade Log'!I5:I1004,"Iron Condor",'Trade Log'!T5:T1004),"—") -> 0 | D17: =IFERROR(COUNTIFS('Trade Log'!I5:I1004,"Iron Condor",'Trade Log'!T5:T1004,">0")/COUNTIF('Trade Log'!I5:I1004,"Iron Condor"),"—") -> — | E17: =IFERROR(AVERAGEIF('Trade Log'!I5:I1004,"Iron Condor",'Trade Log'!T5:T1004),"—") -> — | F17: =IFERROR(AVERAGEIF('Trade Log'!I5:I1004,"Iron Condor",'Trade Log'!U5:U1004),"—") -> — | G17: =IFERROR(maxifs('Trade Log'!U5:U1004,'Trade Log'!I5:I1004,"Iron Condor"),"—") -> — | H17: =IFERROR(maxifs('Trade Log'!T5:T1004,'Trade Log'!I5:I1004,"Iron Condor"),"—") -> — | I17: =IFERROR(AVERAGEIF('Trade Log'!I5:I1004,"Iron Condor",'Trade Log'!W5:W1004),"—") -> — | J17: =IFERROR(SUMIF('Trade Log'!I5:I1004,"Iron Condor",'Trade Log'!V5:V1004)-SUMIF('Trade Log'!I5:I1004,"Iron Condor",'Trade Log'!T5:T1004),"—") -> 0
A18: Straddle | B18: =COUNTIF('Trade Log'!I5:I1004,"Straddle") -> 0 | C18: =IFERROR(SUMIF('Trade Log'!I5:I1004,"Straddle",'Trade Log'!T5:T1004),"—") -> 0 | D18: =IFERROR(COUNTIFS('Trade Log'!I5:I1004,"Straddle",'Trade Log'!T5:T1004,">0")/COUNTIF('Trade Log'!I5:I1004,"Straddle"),"—") -> — | E18: =IFERROR(AVERAGEIF('Trade Log'!I5:I1004,"Straddle",'Trade Log'!T5:T1004),"—") -> — | F18: =IFERROR(AVERAGEIF('Trade Log'!I5:I1004,"Straddle",'Trade Log'!U5:U1004),"—") -> — | G18: =IFERROR(maxifs('Trade Log'!U5:U1004,'Trade Log'!I5:I1004,"Straddle"),"—") -> — | H18: =IFERROR(maxifs('Trade Log'!T5:T1004,'Trade Log'!I5:I1004,"Straddle"),"—") -> — | I18: =IFERROR(AVERAGEIF('Trade Log'!I5:I1004,"Straddle",'Trade Log'!W5:W1004),"—") -> — | J18: =IFERROR(SUMIF('Trade Log'!I5:I1004,"Straddle",'Trade Log'!V5:V1004)-SUMIF('Trade Log'!I5:I1004,"Straddle",'Trade Log'!T5:T1004),"—") -> 0
A19: Other | B19: =COUNTIF('Trade Log'!I5:I1004,"Other") -> 0 | C19: =IFERROR(SUMIF('Trade Log'!I5:I1004,"Other",'Trade Log'!T5:T1004),"—") -> 0 | D19: =IFERROR(COUNTIFS('Trade Log'!I5:I1004,"Other",'Trade Log'!T5:T1004,">0")/COUNTIF('Trade Log'!I5:I1004,"Other"),"—") -> — | E19: =IFERROR(AVERAGEIF('Trade Log'!I5:I1004,"Other",'Trade Log'!T5:T1004),"—") -> — | F19: =IFERROR(AVERAGEIF('Trade Log'!I5:I1004,"Other",'Trade Log'!U5:U1004),"—") -> — | G19: =IFERROR(maxifs('Trade Log'!U5:U1004,'Trade Log'!I5:I1004,"Other"),"—") -> — | H19: =IFERROR(maxifs('Trade Log'!T5:T1004,'Trade Log'!I5:I1004,"Other"),"—") -> — | I19: =IFERROR(AVERAGEIF('Trade Log'!I5:I1004,"Other",'Trade Log'!W5:W1004),"—") -> — | J19: =IFERROR(SUMIF('Trade Log'!I5:I1004,"Other",'Trade Log'!V5:V1004)-SUMIF('Trade Log'!I5:I1004,"Other",'Trade Log'!T5:T1004),"—") -> 0
A22: 📈 TICKER PERFORMANCE
A23: Ticker | B23: # Fills | C23: Total P&L | D23: Win Rate | E23: Avg P&L | F23: Avg P&L % | G23: Best Trade ($) | H23: Worst Trade ($) | I23: Avg Max P&L % | J23: Max P&L %
A24: =IFERROR(unique(filter('Trade Log'!G5:G1004,'Trade Log'!G5:G1004<>"")),"") | B24: =IF(A24<>"",COUNTIF('Trade Log'!G5:G1004,A24),"") | C24: =IF(A24<>"",IFERROR(SUMIF('Trade Log'!G5:G1004,A24,'Trade Log'!T5:T1004),"—"),"") | D24: =IF(A24<>"",IFERROR(COUNTIFS('Trade Log'!G5:G1004,A24,'Trade Log'!T5:T1004,">0")/COUNTIF('Trade Log'!G5:G1004,A24),"—"),"") | E24: =IF(A24<>"",IFERROR(AVERAGEIF('Trade Log'!G5:G1004,A24,'Trade Log'!T5:T1004),"—"),"") | F24: =IF(A24<>"",IFERROR(AVERAGEIF('Trade Log'!G5:G1004,A24,'Trade Log'!U5:U1004),"—"),"") | G24: =IF(A24<>"",IFERROR(maxifs('Trade Log'!T5:T1004,'Trade Log'!G5:G1004,A24),"—"),"") | H24: =IF(A24<>"",IFERROR(minifs('Trade Log'!T5:T1004,'Trade Log'!G5:G1004,A24),"—"),"") | I24: =IF(A24<>"",IFERROR(AVERAGEIF('Trade Log'!G5:G1004,A24,'Trade Log'!W5:W1004),"—"),"") | J24: =IF(A24<>"",IFERROR(maxifs('Trade Log'!U5:U1004,'Trade Log'!G5:G1004,A24),"—"),"")
B25: =IF(A25<>"",COUNTIF('Trade Log'!G5:G1004,A25),"") | C25: =IF(A25<>"",IFERROR(SUMIF('Trade Log'!G5:G1004,A25,'Trade Log'!T5:T1004),"—"),"") | D25: =IF(A25<>"",IFERROR(COUNTIFS('Trade Log'!G5:G1004,A25,'Trade Log'!T5:T1004,">0")/COUNTIF('Trade Log'!G5:G1004,A25),"—"),"") | E25: =IF(A25<>"",IFERROR(AVERAGEIF('Trade Log'!G5:G1004,A25,'Trade Log'!T5:T1004),"—"),"") | F25: =IF(A25<>"",IFERROR(AVERAGEIF('Trade Log'!G5:G1004,A25,'Trade Log'!U5:U1004),"—"),"") | G25: =IF(A25<>"",IFERROR(maxifs('Trade Log'!T5:T1004,'Trade Log'!G5:G1004,A25),"—"),"") | H25: =IF(A25<>"",IFERROR(minifs('Trade Log'!T5:T1004,'Trade Log'!G5:G1004,A25),"—"),"") | I25: =IF(A25<>"",IFERROR(AVERAGEIF('Trade Log'!G5:G1004,A25,'Trade Log'!W5:W1004),"—"),"") | J25: =IF(A25<>"",IFERROR(maxifs('Trade Log'!U5:U1004,'Trade Log'!G5:G1004,A25),"—"),"")
B26: =IF(A26<>"",COUNTIF('Trade Log'!G5:G1004,A26),"") | C26: =IF(A26<>"",IFERROR(SUMIF('Trade Log'!G5:G1004,A26,'Trade Log'!T5:T1004),"—"),"") | D26: =IF(A26<>"",IFERROR(COUNTIFS('Trade Log'!G5:G1004,A26,'Trade Log'!T5:T1004,">0")/COUNTIF('Trade Log'!G5:G1004,A26),"—"),"") | E26: =IF(A26<>"",IFERROR(AVERAGEIF('Trade Log'!G5:G1004,A26,'Trade Log'!T5:T1004),"—"),"") | F26: =IF(A26<>"",IFERROR(AVERAGEIF('Trade Log'!G5:G1004,A26,'Trade Log'!U5:U1004),"—"),"") | G26: =IF(A26<>"",IFERROR(maxifs('Trade Log'!T5:T1004,'Trade Log'!G5:G1004,A26),"—"),"") | H26: =IF(A26<>"",IFERROR(minifs('Trade Log'!T5:T1004,'Trade Log'!G5:G1004,A26),"—"),"") | I26: =IF(A26<>"",IFERROR(AVERAGEIF('Trade Log'!G5:G1004,A26,'Trade Log'!W5:W1004),"—"),"") | J26: =IF(A26<>"",IFERROR(maxifs('Trade Log'!U5:U1004,'Trade Log'!G5:G1004,A26),"—"),"")
B27: =IF(A27<>"",COUNTIF('Trade Log'!G5:G1004,A27),"") | C27: =IF(A27<>"",IFERROR(SUMIF('Trade Log'!G5:G1004,A27,'Trade Log'!T5:T1004),"—"),"") | D27: =IF(A27<>"",IFERROR(COUNTIFS('Trade Log'!G5:G1004,A27,'Trade Log'!T5:T1004,">0")/COUNTIF('Trade Log'!G5:G1004,A27),"—"),"") | E27: =IF(A27<>"",IFERROR(AVERAGEIF('Trade Log'!G5:G1004,A27,'Trade Log'!T5:T1004),"—"),"") | F27: =IF(A27<>"",IFERROR(AVERAGEIF('Trade Log'!G5:G1004,A27,'Trade Log'!U5:U1004),"—"),"") | G27: =IF(A27<>"",IFERROR(maxifs('Trade Log'!T5:T1004,'Trade Log'!G5:G1004,A27),"—"),"") | H27: =IF(A27<>"",IFERROR(minifs('Trade Log'!T5:T1004,'Trade Log'!G5:G1004,A27),"—"),"") | I27: =IF(A27<>"",IFERROR(AVERAGEIF('Trade Log'!G5:G1004,A27,'Trade Log'!W5:W1004),"—"),"") | J27: =IF(A27<>"",IFERROR(maxifs('Trade Log'!U5:U1004,'Trade Log'!G5:G1004,A27),"—"),"")
B28: =IF(A28<>"",COUNTIF('Trade Log'!G5:G1004,A28),"") | C28: =IF(A28<>"",IFERROR(SUMIF('Trade Log'!G5:G1004,A28,'Trade Log'!T5:T1004),"—"),"") | D28: =IF(A28<>"",IFERROR(COUNTIFS('Trade Log'!G5:G1004,A28,'Trade Log'!T5:T1004,">0")/COUNTIF('Trade Log'!G5:G1004,A28),"—"),"") | E28: =IF(A28<>"",IFERROR(AVERAGEIF('Trade Log'!G5:G1004,A28,'Trade Log'!T5:T1004),"—"),"") | F28: =IF(A28<>"",IFERROR(AVERAGEIF('Trade Log'!G5:G1004,A28,'Trade Log'!U5:U1004),"—"),"") | G28: =IF(A28<>"",IFERROR(maxifs('Trade Log'!T5:T1004,'Trade Log'!G5:G1004,A28),"—"),"") | H28: =IF(A28<>"",IFERROR(minifs('Trade Log'!T5:T1004,'Trade Log'!G5:G1004,A28),"—"),"") | I28: =IF(A28<>"",IFERROR(AVERAGEIF('Trade Log'!G5:G1004,A28,'Trade Log'!W5:W1004),"—"),"") | J28: =IF(A28<>"",IFERROR(maxifs('Trade Log'!U5:U1004,'Trade Log'!G5:G1004,A28),"—"),"")
B29: =IF(A29<>"",COUNTIF('Trade Log'!G5:G1004,A29),"") | C29: =IF(A29<>"",IFERROR(SUMIF('Trade Log'!G5:G1004,A29,'Trade Log'!T5:T1004),"—"),"") | D29: =IF(A29<>"",IFERROR(COUNTIFS('Trade Log'!G5:G1004,A29,'Trade Log'!T5:T1004,">0")/COUNTIF('Trade Log'!G5:G1004,A29),"—"),"") | E29: =IF(A29<>"",IFERROR(AVERAGEIF('Trade Log'!G5:G1004,A29,'Trade Log'!T5:T1004),"—"),"") | F29: =IF(A29<>"",IFERROR(AVERAGEIF('Trade Log'!G5:G1004,A29,'Trade Log'!U5:U1004),"—"),"") | G29: =IF(A29<>"",IFERROR(maxifs('Trade Log'!T5:T1004,'Trade Log'!G5:G1004,A29),"—"),"") | H29: =IF(A29<>"",IFERROR(minifs('Trade Log'!T5:T1004,'Trade Log'!G5:G1004,A29),"—"),"") | I29: =IF(A29<>"",IFERROR(AVERAGEIF('Trade Log'!G5:G1004,A29,'Trade Log'!W5:W1004),"—"),"") | J29: =IF(A29<>"",IFERROR(maxifs('Trade Log'!U5:U1004,'Trade Log'!G5:G1004,A29),"—"),"")
B30: =IF(A30<>"",COUNTIF('Trade Log'!G5:G1004,A30),"") | C30: =IF(A30<>"",IFERROR(SUMIF('Trade Log'!G5:G1004,A30,'Trade Log'!T5:T1004),"—"),"") | D30: =IF(A30<>"",IFERROR(COUNTIFS('Trade Log'!G5:G1004,A30,'Trade Log'!T5:T1004,">0")/COUNTIF('Trade Log'!G5:G1004,A30),"—"),"") | E30: =IF(A30<>"",IFERROR(AVERAGEIF('Trade Log'!G5:G1004,A30,'Trade Log'!T5:T1004),"—"),"") | F30: =IF(A30<>"",IFERROR(AVERAGEIF('Trade Log'!G5:G1004,A30,'Trade Log'!U5:U1004),"—"),"") | G30: =IF(A30<>"",IFERROR(maxifs('Trade Log'!T5:T1004,'Trade Log'!G5:G1004,A30),"—"),"") | H30: =IF(A30<>"",IFERROR(minifs('Trade Log'!T5:T1004,'Trade Log'!G5:G1004,A30),"—"),"") | I30: =IF(A30<>"",IFERROR(AVERAGEIF('Trade Log'!G5:G1004,A30,'Trade Log'!W5:W1004),"—"),"") | J30: =IF(A30<>"",IFERROR(maxifs('Trade Log'!U5:U1004,'Trade Log'!G5:G1004,A30),"—"),"")
B31: =IF(A31<>"",COUNTIF('Trade Log'!G5:G1004,A31),"") | C31: =IF(A31<>"",IFERROR(SUMIF('Trade Log'!G5:G1004,A31,'Trade Log'!T5:T1004),"—"),"") | D31: =IF(A31<>"",IFERROR(COUNTIFS('Trade Log'!G5:G1004,A31,'Trade Log'!T5:T1004,">0")/COUNTIF('Trade Log'!G5:G1004,A31),"—"),"") | E31: =IF(A31<>"",IFERROR(AVERAGEIF('Trade Log'!G5:G1004,A31,'Trade Log'!T5:T1004),"—"),"") | F31: =IF(A31<>"",IFERROR(AVERAGEIF('Trade Log'!G5:G1004,A31,'Trade Log'!U5:U1004),"—"),"") | G31: =IF(A31<>"",IFERROR(maxifs('Trade Log'!T5:T1004,'Trade Log'!G5:G1004,A31),"—"),"") | H31: =IF(A31<>"",IFERROR(minifs('Trade Log'!T5:T1004,'Trade Log'!G5:G1004,A31),"—"),"") | I31: =IF(A31<>"",IFERROR(AVERAGEIF('Trade Log'!G5:G1004,A31,'Trade Log'!W5:W1004),"—"),"") | J31: =IF(A31<>"",IFERROR(maxifs('Trade Log'!U5:U1004,'Trade Log'!G5:G1004,A31),"—"),"")
B32: =IF(A32<>"",COUNTIF('Trade Log'!G5:G1004,A32),"") | C32: =IF(A32<>"",IFERROR(SUMIF('Trade Log'!G5:G1004,A32,'Trade Log'!T5:T1004),"—"),"") | D32: =IF(A32<>"",IFERROR(COUNTIFS('Trade Log'!G5:G1004,A32,'Trade Log'!T5:T1004,">0")/COUNTIF('Trade Log'!G5:G1004,A32),"—"),"") | E32: =IF(A32<>"",IFERROR(AVERAGEIF('Trade Log'!G5:G1004,A32,'Trade Log'!T5:T1004),"—"),"") | F32: =IF(A32<>"",IFERROR(AVERAGEIF('Trade Log'!G5:G1004,A32,'Trade Log'!U5:U1004),"—"),"") | G32: =IF(A32<>"",IFERROR(maxifs('Trade Log'!T5:T1004,'Trade Log'!G5:G1004,A32),"—"),"") | H32: =IF(A32<>"",IFERROR(minifs('Trade Log'!T5:T1004,'Trade Log'!G5:G1004,A32),"—"),"") | I32: =IF(A32<>"",IFERROR(AVERAGEIF('Trade Log'!G5:G1004,A32,'Trade Log'!W5:W1004),"—"),"") | J32: =IF(A32<>"",IFERROR(maxifs('Trade Log'!U5:U1004,'Trade Log'!G5:G1004,A32),"—"),"")
B33: =IF(A33<>"",COUNTIF('Trade Log'!G5:G1004,A33),"") | C33: =IF(A33<>"",IFERROR(SUMIF('Trade Log'!G5:G1004,A33,'Trade Log'!T5:T1004),"—"),"") | D33: =IF(A33<>"",IFERROR(COUNTIFS('Trade Log'!G5:G1004,A33,'Trade Log'!T5:T1004,">0")/COUNTIF('Trade Log'!G5:G1004,A33),"—"),"") | E33: =IF(A33<>"",IFERROR(AVERAGEIF('Trade Log'!G5:G1004,A33,'Trade Log'!T5:T1004),"—"),"") | F33: =IF(A33<>"",IFERROR(AVERAGEIF('Trade Log'!G5:G1004,A33,'Trade Log'!U5:U1004),"—"),"") | G33: =IF(A33<>"",IFERROR(maxifs('Trade Log'!T5:T1004,'Trade Log'!G5:G1004,A33),"—"),"") | H33: =IF(A33<>"",IFERROR(minifs('Trade Log'!T5:T1004,'Trade Log'!G5:G1004,A33),"—"),"") | I33: =IF(A33<>"",IFERROR(AVERAGEIF('Trade Log'!G5:G1004,A33,'Trade Log'!W5:W1004),"—"),"") | J33: =IF(A33<>"",IFERROR(maxifs('Trade Log'!U5:U1004,'Trade Log'!G5:G1004,A33),"—"),"")
B34: =IF(A34<>"",COUNTIF('Trade Log'!G5:G1004,A34),"") | C34: =IF(A34<>"",IFERROR(SUMIF('Trade Log'!G5:G1004,A34,'Trade Log'!T5:T1004),"—"),"") | D34: =IF(A34<>"",IFERROR(COUNTIFS('Trade Log'!G5:G1004,A34,'Trade Log'!T5:T1004,">0")/COUNTIF('Trade Log'!G5:G1004,A34),"—"),"") | E34: =IF(A34<>"",IFERROR(AVERAGEIF('Trade Log'!G5:G1004,A34,'Trade Log'!T5:T1004),"—"),"") | F34: =IF(A34<>"",IFERROR(AVERAGEIF('Trade Log'!G5:G1004,A34,'Trade Log'!U5:U1004),"—"),"") | G34: =IF(A34<>"",IFERROR(maxifs('Trade Log'!T5:T1004,'Trade Log'!G5:G1004,A34),"—"),"") | H34: =IF(A34<>"",IFERROR(minifs('Trade Log'!T5:T1004,'Trade Log'!G5:G1004,A34),"—"),"") | I34: =IF(A34<>"",IFERROR(AVERAGEIF('Trade Log'!G5:G1004,A34,'Trade Log'!W5:W1004),"—"),"") | J34: =IF(A34<>"",IFERROR(maxifs('Trade Log'!U5:U1004,'Trade Log'!G5:G1004,A34),"—"),"")
B35: =IF(A35<>"",COUNTIF('Trade Log'!G5:G1004,A35),"") | C35: =IF(A35<>"",IFERROR(SUMIF('Trade Log'!G5:G1004,A35,'Trade Log'!T5:T1004),"—"),"") | D35: =IF(A35<>"",IFERROR(COUNTIFS('Trade Log'!G5:G1004,A35,'Trade Log'!T5:T1004,">0")/COUNTIF('Trade Log'!G5:G1004,A35),"—"),"") | E35: =IF(A35<>"",IFERROR(AVERAGEIF('Trade Log'!G5:G1004,A35,'Trade Log'!T5:T1004),"—"),"") | F35: =IF(A35<>"",IFERROR(AVERAGEIF('Trade Log'!G5:G1004,A35,'Trade Log'!U5:U1004),"—"),"") | G35: =IF(A35<>"",IFERROR(maxifs('Trade Log'!T5:T1004,'Trade Log'!G5:G1004,A35),"—"),"") | H35: =IF(A35<>"",IFERROR(minifs('Trade Log'!T5:T1004,'Trade Log'!G5:G1004,A35),"—"),"") | I35: =IF(A35<>"",IFERROR(AVERAGEIF('Trade Log'!G5:G1004,A35,'Trade Log'!W5:W1004),"—"),"") | J35: =IF(A35<>"",IFERROR(maxifs('Trade Log'!U5:U1004,'Trade Log'!G5:G1004,A35),"—"),"")
B36: =IF(A36<>"",COUNTIF('Trade Log'!G5:G1004,A36),"") | C36: =IF(A36<>"",IFERROR(SUMIF('Trade Log'!G5:G1004,A36,'Trade Log'!T5:T1004),"—"),"") | D36: =IF(A36<>"",IFERROR(COUNTIFS('Trade Log'!G5:G1004,A36,'Trade Log'!T5:T1004,">0")/COUNTIF('Trade Log'!G5:G1004,A36),"—"),"") | E36: =IF(A36<>"",IFERROR(AVERAGEIF('Trade Log'!G5:G1004,A36,'Trade Log'!T5:T1004),"—"),"") | F36: =IF(A36<>"",IFERROR(AVERAGEIF('Trade Log'!G5:G1004,A36,'Trade Log'!U5:U1004),"—"),"") | G36: =IF(A36<>"",IFERROR(maxifs('Trade Log'!T5:T1004,'Trade Log'!G5:G1004,A36),"—"),"") | H36: =IF(A36<>"",IFERROR(minifs('Trade Log'!T5:T1004,'Trade Log'!G5:G1004,A36),"—"),"") | I36: =IF(A36<>"",IFERROR(AVERAGEIF('Trade Log'!G5:G1004,A36,'Trade Log'!W5:W1004),"—"),"") | J36: =IF(A36<>"",IFERROR(maxifs('Trade Log'!U5:U1004,'Trade Log'!G5:G1004,A36),"—"),"")
B37: =IF(A37<>"",COUNTIF('Trade Log'!G5:G1004,A37),"") | C37: =IF(A37<>"",IFERROR(SUMIF('Trade Log'!G5:G1004,A37,'Trade Log'!T5:T1004),"—"),"") | D37: =IF(A37<>"",IFERROR(COUNTIFS('Trade Log'!G5:G1004,A37,'Trade Log'!T5:T1004,">0")/COUNTIF('Trade Log'!G5:G1004,A37),"—"),"") | E37: =IF(A37<>"",IFERROR(AVERAGEIF('Trade Log'!G5:G1004,A37,'Trade Log'!T5:T1004),"—"),"") | F37: =IF(A37<>"",IFERROR(AVERAGEIF('Trade Log'!G5:G1004,A37,'Trade Log'!U5:U1004),"—"),"") | G37: =IF(A37<>"",IFERROR(maxifs('Trade Log'!T5:T1004,'Trade Log'!G5:G1004,A37),"—"),"") | H37: =IF(A37<>"",IFERROR(minifs('Trade Log'!T5:T1004,'Trade Log'!G5:G1004,A37),"—"),"") | I37: =IF(A37<>"",IFERROR(AVERAGEIF('Trade Log'!G5:G1004,A37,'Trade Log'!W5:W1004),"—"),"") | J37: =IF(A37<>"",IFERROR(maxifs('Trade Log'!U5:U1004,'Trade Log'!G5:G1004,A37),"—"),"")
B38: =IF(A38<>"",COUNTIF('Trade Log'!G5:G1004,A38),"") | C38: =IF(A38<>"",IFERROR(SUMIF('Trade Log'!G5:G1004,A38,'Trade Log'!T5:T1004),"—"),"") | D38: =IF(A38<>"",IFERROR(COUNTIFS('Trade Log'!G5:G1004,A38,'Trade Log'!T5:T1004,">0")/COUNTIF('Trade Log'!G5:G1004,A38),"—"),"") | E38: =IF(A38<>"",IFERROR(AVERAGEIF('Trade Log'!G5:G1004,A38,'Trade Log'!T5:T1004),"—"),"") | F38: =IF(A38<>"",IFERROR(AVERAGEIF('Trade Log'!G5:G1004,A38,'Trade Log'!U5:U1004),"—"),"") | G38: =IF(A38<>"",IFERROR(maxifs('Trade Log'!T5:T1004,'Trade Log'!G5:G1004,A38),"—"),"") | H38: =IF(A38<>"",IFERROR(minifs('Trade Log'!T5:T1004,'Trade Log'!G5:G1004,A38),"—"),"") | I38: =IF(A38<>"",IFERROR(AVERAGEIF('Trade Log'!G5:G1004,A38,'Trade Log'!W5:W1004),"—"),"") | J38: =IF(A38<>"",IFERROR(maxifs('Trade Log'!U5:U1004,'Trade Log'!G5:G1004,A38),"—"),"")
B39: =IF(A39<>"",COUNTIF('Trade Log'!G5:G1004,A39),"") | C39: =IF(A39<>"",IFERROR(SUMIF('Trade Log'!G5:G1004,A39,'Trade Log'!T5:T1004),"—"),"") | D39: =IF(A39<>"",IFERROR(COUNTIFS('Trade Log'!G5:G1004,A39,'Trade Log'!T5:T1004,">0")/COUNTIF('Trade Log'!G5:G1004,A39),"—"),"") | E39: =IF(A39<>"",IFERROR(AVERAGEIF('Trade Log'!G5:G1004,A39,'Trade Log'!T5:T1004),"—"),"") | F39: =IF(A39<>"",IFERROR(AVERAGEIF('Trade Log'!G5:G1004,A39,'Trade Log'!U5:U1004),"—"),"") | G39: =IF(A39<>"",IFERROR(maxifs('Trade Log'!T5:T1004,'Trade Log'!G5:G1004,A39),"—"),"") | H39: =IF(A39<>"",IFERROR(minifs('Trade Log'!T5:T1004,'Trade Log'!G5:G1004,A39),"—"),"") | I39: =IF(A39<>"",IFERROR(AVERAGEIF('Trade Log'!G5:G1004,A39,'Trade Log'!W5:W1004),"—"),"") | J39: =IF(A39<>"",IFERROR(maxifs('Trade Log'!U5:U1004,'Trade Log'!G5:G1004,A39),"—"),"")
B40: =IF(A40<>"",COUNTIF('Trade Log'!G5:G1004,A40),"") | C40: =IF(A40<>"",IFERROR(SUMIF('Trade Log'!G5:G1004,A40,'Trade Log'!T5:T1004),"—"),"") | D40: =IF(A40<>"",IFERROR(COUNTIFS('Trade Log'!G5:G1004,A40,'Trade Log'!T5:T1004,">0")/COUNTIF('Trade Log'!G5:G1004,A40),"—"),"") | E40: =IF(A40<>"",IFERROR(AVERAGEIF('Trade Log'!G5:G1004,A40,'Trade Log'!T5:T1004),"—"),"") | F40: =IF(A40<>"",IFERROR(AVERAGEIF('Trade Log'!G5:G1004,A40,'Trade Log'!U5:U1004),"—"),"") | G40: =IF(A40<>"",IFERROR(maxifs('Trade Log'!T5:T1004,'Trade Log'!G5:G1004,A40),"—"),"") | H40: =IF(A40<>"",IFERROR(minifs('Trade Log'!T5:T1004,'Trade Log'!G5:G1004,A40),"—"),"") | I40: =IF(A40<>"",IFERROR(AVERAGEIF('Trade Log'!G5:G1004,A40,'Trade Log'!W5:W1004),"—"),"") | J40: =IF(A40<>"",IFERROR(maxifs('Trade Log'!U5:U1004,'Trade Log'!G5:G1004,A40),"—"),"")
B41: =IF(A41<>"",COUNTIF('Trade Log'!G5:G1004,A41),"") | C41: =IF(A41<>"",IFERROR(SUMIF('Trade Log'!G5:G1004,A41,'Trade Log'!T5:T1004),"—"),"") | D41: =IF(A41<>"",IFERROR(COUNTIFS('Trade Log'!G5:G1004,A41,'Trade Log'!T5:T1004,">0")/COUNTIF('Trade Log'!G5:G1004,A41),"—"),"") | E41: =IF(A41<>"",IFERROR(AVERAGEIF('Trade Log'!G5:G1004,A41,'Trade Log'!T5:T1004),"—"),"") | F41: =IF(A41<>"",IFERROR(AVERAGEIF('Trade Log'!G5:G1004,A41,'Trade Log'!U5:U1004),"—"),"") | G41: =IF(A41<>"",IFERROR(maxifs('Trade Log'!T5:T1004,'Trade Log'!G5:G1004,A41),"—"),"") | H41: =IF(A41<>"",IFERROR(minifs('Trade Log'!T5:T1004,'Trade Log'!G5:G1004,A41),"—"),"") | I41: =IF(A41<>"",IFERROR(AVERAGEIF('Trade Log'!G5:G1004,A41,'Trade Log'!W5:W1004),"—"),"") | J41: =IF(A41<>"",IFERROR(maxifs('Trade Log'!U5:U1004,'Trade Log'!G5:G1004,A41),"—"),"")
B42: =IF(A42<>"",COUNTIF('Trade Log'!G5:G1004,A42),"") | C42: =IF(A42<>"",IFERROR(SUMIF('Trade Log'!G5:G1004,A42,'Trade Log'!T5:T1004),"—"),"") | D42: =IF(A42<>"",IFERROR(COUNTIFS('Trade Log'!G5:G1004,A42,'Trade Log'!T5:T1004,">0")/COUNTIF('Trade Log'!G5:G1004,A42),"—"),"") | E42: =IF(A42<>"",IFERROR(AVERAGEIF('Trade Log'!G5:G1004,A42,'Trade Log'!T5:T1004),"—"),"") | F42: =IF(A42<>"",IFERROR(AVERAGEIF('Trade Log'!G5:G1004,A42,'Trade Log'!U5:U1004),"—"),"") | G42: =IF(A42<>"",IFERROR(maxifs('Trade Log'!T5:T1004,'Trade Log'!G5:G1004,A42),"—"),"") | H42: =IF(A42<>"",IFERROR(minifs('Trade Log'!T5:T1004,'Trade Log'!G5:G1004,A42),"—"),"") | I42: =IF(A42<>"",IFERROR(AVERAGEIF('Trade Log'!G5:G1004,A42,'Trade Log'!W5:W1004),"—"),"") | J42: =IF(A42<>"",IFERROR(maxifs('Trade Log'!U5:U1004,'Trade Log'!G5:G1004,A42),"—"),"")
B43: =IF(A43<>"",COUNTIF('Trade Log'!G5:G1004,A43),"") | C43: =IF(A43<>"",IFERROR(SUMIF('Trade Log'!G5:G1004,A43,'Trade Log'!T5:T1004),"—"),"") | D43: =IF(A43<>"",IFERROR(COUNTIFS('Trade Log'!G5:G1004,A43,'Trade Log'!T5:T1004,">0")/COUNTIF('Trade Log'!G5:G1004,A43),"—"),"") | E43: =IF(A43<>"",IFERROR(AVERAGEIF('Trade Log'!G5:G1004,A43,'Trade Log'!T5:T1004),"—"),"") | F43: =IF(A43<>"",IFERROR(AVERAGEIF('Trade Log'!G5:G1004,A43,'Trade Log'!U5:U1004),"—"),"") | G43: =IF(A43<>"",IFERROR(maxifs('Trade Log'!T5:T1004,'Trade Log'!G5:G1004,A43),"—"),"") | H43: =IF(A43<>"",IFERROR(minifs('Trade Log'!T5:T1004,'Trade Log'!G5:G1004,A43),"—"),"") | I43: =IF(A43<>"",IFERROR(AVERAGEIF('Trade Log'!G5:G1004,A43,'Trade Log'!W5:W1004),"—"),"") | J43: =IF(A43<>"",IFERROR(maxifs('Trade Log'!U5:U1004,'Trade Log'!G5:G1004,A43),"—"),"")
B44: =IF(A44<>"",COUNTIF('Trade Log'!G5:G1004,A44),"") | C44: =IF(A44<>"",IFERROR(SUMIF('Trade Log'!G5:G1004,A44,'Trade Log'!T5:T1004),"—"),"") | D44: =IF(A44<>"",IFERROR(COUNTIFS('Trade Log'!G5:G1004,A44,'Trade Log'!T5:T1004,">0")/COUNTIF('Trade Log'!G5:G1004,A44),"—"),"") | E44: =IF(A44<>"",IFERROR(AVERAGEIF('Trade Log'!G5:G1004,A44,'Trade Log'!T5:T1004),"—"),"") | F44: =IF(A44<>"",IFERROR(AVERAGEIF('Trade Log'!G5:G1004,A44,'Trade Log'!U5:U1004),"—"),"") | G44: =IF(A44<>"",IFERROR(maxifs('Trade Log'!T5:T1004,'Trade Log'!G5:G1004,A44),"—"),"") | H44: =IF(A44<>"",IFERROR(minifs('Trade Log'!T5:T1004,'Trade Log'!G5:G1004,A44),"—"),"") | I44: =IF(A44<>"",IFERROR(AVERAGEIF('Trade Log'!G5:G1004,A44,'Trade Log'!W5:W1004),"—"),"") | J44: =IF(A44<>"",IFERROR(maxifs('Trade Log'!U5:U1004,'Trade Log'!G5:G1004,A44),"—"),"")
B45: =IF(A45<>"",COUNTIF('Trade Log'!G5:G1004,A45),"") | C45: =IF(A45<>"",IFERROR(SUMIF('Trade Log'!G5:G1004,A45,'Trade Log'!T5:T1004),"—"),"") | D45: =IF(A45<>"",IFERROR(COUNTIFS('Trade Log'!G5:G1004,A45,'Trade Log'!T5:T1004,">0")/COUNTIF('Trade Log'!G5:G1004,A45),"—"),"") | E45: =IF(A45<>"",IFERROR(AVERAGEIF('Trade Log'!G5:G1004,A45,'Trade Log'!T5:T1004),"—"),"") | F45: =IF(A45<>"",IFERROR(AVERAGEIF('Trade Log'!G5:G1004,A45,'Trade Log'!U5:U1004),"—"),"") | G45: =IF(A45<>"",IFERROR(maxifs('Trade Log'!T5:T1004,'Trade Log'!G5:G1004,A45),"—"),"") | H45: =IF(A45<>"",IFERROR(minifs('Trade Log'!T5:T1004,'Trade Log'!G5:G1004,A45),"—"),"") | I45: =IF(A45<>"",IFERROR(AVERAGEIF('Trade Log'!G5:G1004,A45,'Trade Log'!W5:W1004),"—"),"") | J45: =IF(A45<>"",IFERROR(maxifs('Trade Log'!U5:U1004,'Trade Log'!G5:G1004,A45),"—"),"")
B46: =IF(A46<>"",COUNTIF('Trade Log'!G5:G1004,A46),"") | C46: =IF(A46<>"",IFERROR(SUMIF('Trade Log'!G5:G1004,A46,'Trade Log'!T5:T1004),"—"),"") | D46: =IF(A46<>"",IFERROR(COUNTIFS('Trade Log'!G5:G1004,A46,'Trade Log'!T5:T1004,">0")/COUNTIF('Trade Log'!G5:G1004,A46),"—"),"") | E46: =IF(A46<>"",IFERROR(AVERAGEIF('Trade Log'!G5:G1004,A46,'Trade Log'!T5:T1004),"—"),"") | F46: =IF(A46<>"",IFERROR(AVERAGEIF('Trade Log'!G5:G1004,A46,'Trade Log'!U5:U1004),"—"),"") | G46: =IF(A46<>"",IFERROR(maxifs('Trade Log'!T5:T1004,'Trade Log'!G5:G1004,A46),"—"),"") | H46: =IF(A46<>"",IFERROR(minifs('Trade Log'!T5:T1004,'Trade Log'!G5:G1004,A46),"—"),"") | I46: =IF(A46<>"",IFERROR(AVERAGEIF('Trade Log'!G5:G1004,A46,'Trade Log'!W5:W1004),"—"),"") | J46: =IF(A46<>"",IFERROR(maxifs('Trade Log'!U5:U1004,'Trade Log'!G5:G1004,A46),"—"),"")
B47: =IF(A47<>"",COUNTIF('Trade Log'!G5:G1004,A47),"") | C47: =IF(A47<>"",IFERROR(SUMIF('Trade Log'!G5:G1004,A47,'Trade Log'!T5:T1004),"—"),"") | D47: =IF(A47<>"",IFERROR(COUNTIFS('Trade Log'!G5:G1004,A47,'Trade Log'!T5:T1004,">0")/COUNTIF('Trade Log'!G5:G1004,A47),"—"),"") | E47: =IF(A47<>"",IFERROR(AVERAGEIF('Trade Log'!G5:G1004,A47,'Trade Log'!T5:T1004),"—"),"") | F47: =IF(A47<>"",IFERROR(AVERAGEIF('Trade Log'!G5:G1004,A47,'Trade Log'!U5:U1004),"—"),"") | G47: =IF(A47<>"",IFERROR(maxifs('Trade Log'!T5:T1004,'Trade Log'!G5:G1004,A47),"—"),"") | H47: =IF(A47<>"",IFERROR(minifs('Trade Log'!T5:T1004,'Trade Log'!G5:G1004,A47),"—"),"") | I47: =IF(A47<>"",IFERROR(AVERAGEIF('Trade Log'!G5:G1004,A47,'Trade Log'!W5:W1004),"—"),"") | J47: =IF(A47<>"",IFERROR(maxifs('Trade Log'!U5:U1004,'Trade Log'!G5:G1004,A47),"—"),"")
B48: =IF(A48<>"",COUNTIF('Trade Log'!G5:G1004,A48),"") | C48: =IF(A48<>"",IFERROR(SUMIF('Trade Log'!G5:G1004,A48,'Trade Log'!T5:T1004),"—"),"") | D48: =IF(A48<>"",IFERROR(COUNTIFS('Trade Log'!G5:G1004,A48,'Trade Log'!T5:T1004,">0")/COUNTIF('Trade Log'!G5:G1004,A48),"—"),"") | E48: =IF(A48<>"",IFERROR(AVERAGEIF('Trade Log'!G5:G1004,A48,'Trade Log'!T5:T1004),"—"),"") | F48: =IF(A48<>"",IFERROR(AVERAGEIF('Trade Log'!G5:G1004,A48,'Trade Log'!U5:U1004),"—"),"") | G48: =IF(A48<>"",IFERROR(maxifs('Trade Log'!T5:T1004,'Trade Log'!G5:G1004,A48),"—"),"") | H48: =IF(A48<>"",IFERROR(minifs('Trade Log'!T5:T1004,'Trade Log'!G5:G1004,A48),"—"),"") | I48: =IF(A48<>"",IFERROR(AVERAGEIF('Trade Log'!G5:G1004,A48,'Trade Log'!W5:W1004),"—"),"") | J48: =IF(A48<>"",IFERROR(maxifs('Trade Log'!U5:U1004,'Trade Log'!G5:G1004,A48),"—"),"")
B49: =IF(A49<>"",COUNTIF('Trade Log'!G5:G1004,A49),"") | C49: =IF(A49<>"",IFERROR(SUMIF('Trade Log'!G5:G1004,A49,'Trade Log'!T5:T1004),"—"),"") | D49: =IF(A49<>"",IFERROR(COUNTIFS('Trade Log'!G5:G1004,A49,'Trade Log'!T5:T1004,">0")/COUNTIF('Trade Log'!G5:G1004,A49),"—"),"") | E49: =IF(A49<>"",IFERROR(AVERAGEIF('Trade Log'!G5:G1004,A49,'Trade Log'!T5:T1004),"—"),"") | F49: =IF(A49<>"",IFERROR(AVERAGEIF('Trade Log'!G5:G1004,A49,'Trade Log'!U5:U1004),"—"),"") | G49: =IF(A49<>"",IFERROR(maxifs('Trade Log'!T5:T1004,'Trade Log'!G5:G1004,A49),"—"),"") | H49: =IF(A49<>"",IFERROR(minifs('Trade Log'!T5:T1004,'Trade Log'!G5:G1004,A49),"—"),"") | I49: =IF(A49<>"",IFERROR(AVERAGEIF('Trade Log'!G5:G1004,A49,'Trade Log'!W5:W1004),"—"),"") | J49: =IF(A49<>"",IFERROR(maxifs('Trade Log'!U5:U1004,'Trade Log'!G5:G1004,A49),"—"),"")
B50: =IF(A50<>"",COUNTIF('Trade Log'!G5:G1004,A50),"") | C50: =IF(A50<>"",IFERROR(SUMIF('Trade Log'!G5:G1004,A50,'Trade Log'!T5:T1004),"—"),"") | D50: =IF(A50<>"",IFERROR(COUNTIFS('Trade Log'!G5:G1004,A50,'Trade Log'!T5:T1004,">0")/COUNTIF('Trade Log'!G5:G1004,A50),"—"),"") | E50: =IF(A50<>"",IFERROR(AVERAGEIF('Trade Log'!G5:G1004,A50,'Trade Log'!T5:T1004),"—"),"") | F50: =IF(A50<>"",IFERROR(AVERAGEIF('Trade Log'!G5:G1004,A50,'Trade Log'!U5:U1004),"—"),"") | G50: =IF(A50<>"",IFERROR(maxifs('Trade Log'!T5:T1004,'Trade Log'!G5:G1004,A50),"—"),"") | H50: =IF(A50<>"",IFERROR(minifs('Trade Log'!T5:T1004,'Trade Log'!G5:G1004,A50),"—"),"") | I50: =IF(A50<>"",IFERROR(AVERAGEIF('Trade Log'!G5:G1004,A50,'Trade Log'!W5:W1004),"—"),"") | J50: =IF(A50<>"",IFERROR(maxifs('Trade Log'!U5:U1004,'Trade Log'!G5:G1004,A50),"—"),"")
B51: =IF(A51<>"",COUNTIF('Trade Log'!G5:G1004,A51),"") | C51: =IF(A51<>"",IFERROR(SUMIF('Trade Log'!G5:G1004,A51,'Trade Log'!T5:T1004),"—"),"") | D51: =IF(A51<>"",IFERROR(COUNTIFS('Trade Log'!G5:G1004,A51,'Trade Log'!T5:T1004,">0")/COUNTIF('Trade Log'!G5:G1004,A51),"—"),"") | E51: =IF(A51<>"",IFERROR(AVERAGEIF('Trade Log'!G5:G1004,A51,'Trade Log'!T5:T1004),"—"),"") | F51: =IF(A51<>"",IFERROR(AVERAGEIF('Trade Log'!G5:G1004,A51,'Trade Log'!U5:U1004),"—"),"") | G51: =IF(A51<>"",IFERROR(maxifs('Trade Log'!T5:T1004,'Trade Log'!G5:G1004,A51),"—"),"") | H51: =IF(A51<>"",IFERROR(minifs('Trade Log'!T5:T1004,'Trade Log'!G5:G1004,A51),"—"),"") | I51: =IF(A51<>"",IFERROR(AVERAGEIF('Trade Log'!G5:G1004,A51,'Trade Log'!W5:W1004),"—"),"") | J51: =IF(A51<>"",IFERROR(maxifs('Trade Log'!U5:U1004,'Trade Log'!G5:G1004,A51),"—"),"")
B52: =IF(A52<>"",COUNTIF('Trade Log'!G5:G1004,A52),"") | C52: =IF(A52<>"",IFERROR(SUMIF('Trade Log'!G5:G1004,A52,'Trade Log'!T5:T1004),"—"),"") | D52: =IF(A52<>"",IFERROR(COUNTIFS('Trade Log'!G5:G1004,A52,'Trade Log'!T5:T1004,">0")/COUNTIF('Trade Log'!G5:G1004,A52),"—"),"") | E52: =IF(A52<>"",IFERROR(AVERAGEIF('Trade Log'!G5:G1004,A52,'Trade Log'!T5:T1004),"—"),"") | F52: =IF(A52<>"",IFERROR(AVERAGEIF('Trade Log'!G5:G1004,A52,'Trade Log'!U5:U1004),"—"),"") | G52: =IF(A52<>"",IFERROR(maxifs('Trade Log'!T5:T1004,'Trade Log'!G5:G1004,A52),"—"),"") | H52: =IF(A52<>"",IFERROR(minifs('Trade Log'!T5:T1004,'Trade Log'!G5:G1004,A52),"—"),"") | I52: =IF(A52<>"",IFERROR(AVERAGEIF('Trade Log'!G5:G1004,A52,'Trade Log'!W5:W1004),"—"),"") | J52: =IF(A52<>"",IFERROR(maxifs('Trade Log'!U5:U1004,'Trade Log'!G5:G1004,A52),"—"),"")
B53: =IF(A53<>"",COUNTIF('Trade Log'!G5:G1004,A53),"") | C53: =IF(A53<>"",IFERROR(SUMIF('Trade Log'!G5:G1004,A53,'Trade Log'!T5:T1004),"—"),"") | D53: =IF(A53<>"",IFERROR(COUNTIFS('Trade Log'!G5:G1004,A53,'Trade Log'!T5:T1004,">0")/COUNTIF('Trade Log'!G5:G1004,A53),"—"),"") | E53: =IF(A53<>"",IFERROR(AVERAGEIF('Trade Log'!G5:G1004,A53,'Trade Log'!T5:T1004),"—"),"") | F53: =IF(A53<>"",IFERROR(AVERAGEIF('Trade Log'!G5:G1004,A53,'Trade Log'!U5:U1004),"—"),"") | G53: =IF(A53<>"",IFERROR(maxifs('Trade Log'!T5:T1004,'Trade Log'!G5:G1004,A53),"—"),"") | H53: =IF(A53<>"",IFERROR(minifs('Trade Log'!T5:T1004,'Trade Log'!G5:G1004,A53),"—"),"") | I53: =IF(A53<>"",IFERROR(AVERAGEIF('Trade Log'!G5:G1004,A53,'Trade Log'!W5:W1004),"—"),"") | J53: =IF(A53<>"",IFERROR(maxifs('Trade Log'!U5:U1004,'Trade Log'!G5:G1004,A53),"—"),"")
B54: =IF(A54<>"",COUNTIF('Trade Log'!G5:G1004,A54),"") | C54: =IF(A54<>"",IFERROR(SUMIF('Trade Log'!G5:G1004,A54,'Trade Log'!T5:T1004),"—"),"") | D54: =IF(A54<>"",IFERROR(COUNTIFS('Trade Log'!G5:G1004,A54,'Trade Log'!T5:T1004,">0")/COUNTIF('Trade Log'!G5:G1004,A54),"—"),"") | E54: =IF(A54<>"",IFERROR(AVERAGEIF('Trade Log'!G5:G1004,A54,'Trade Log'!T5:T1004),"—"),"") | F54: =IF(A54<>"",IFERROR(AVERAGEIF('Trade Log'!G5:G1004,A54,'Trade Log'!U5:U1004),"—"),"") | G54: =IF(A54<>"",IFERROR(maxifs('Trade Log'!T5:T1004,'Trade Log'!G5:G1004,A54),"—"),"") | H54: =IF(A54<>"",IFERROR(minifs('Trade Log'!T5:T1004,'Trade Log'!G5:G1004,A54),"—"),"") | I54: =IF(A54<>"",IFERROR(AVERAGEIF('Trade Log'!G5:G1004,A54,'Trade Log'!W5:W1004),"—"),"") | J54: =IF(A54<>"",IFERROR(maxifs('Trade Log'!U5:U1004,'Trade Log'!G5:G1004,A54),"—"),"")
B55: =IF(A55<>"",COUNTIF('Trade Log'!G5:G1004,A55),"") | C55: =IF(A55<>"",IFERROR(SUMIF('Trade Log'!G5:G1004,A55,'Trade Log'!T5:T1004),"—"),"") | D55: =IF(A55<>"",IFERROR(COUNTIFS('Trade Log'!G5:G1004,A55,'Trade Log'!T5:T1004,">0")/COUNTIF('Trade Log'!G5:G1004,A55),"—"),"") | E55: =IF(A55<>"",IFERROR(AVERAGEIF('Trade Log'!G5:G1004,A55,'Trade Log'!T5:T1004),"—"),"") | F55: =IF(A55<>"",IFERROR(AVERAGEIF('Trade Log'!G5:G1004,A55,'Trade Log'!U5:U1004),"—"),"") | G55: =IF(A55<>"",IFERROR(maxifs('Trade Log'!T5:T1004,'Trade Log'!G5:G1004,A55),"—"),"") | H55: =IF(A55<>"",IFERROR(minifs('Trade Log'!T5:T1004,'Trade Log'!G5:G1004,A55),"—"),"") | I55: =IF(A55<>"",IFERROR(AVERAGEIF('Trade Log'!G5:G1004,A55,'Trade Log'!W5:W1004),"—"),"") | J55: =IF(A55<>"",IFERROR(maxifs('Trade Log'!U5:U1004,'Trade Log'!G5:G1004,A55),"—"),"")
B56: =IF(A56<>"",COUNTIF('Trade Log'!G5:G1004,A56),"") | C56: =IF(A56<>"",IFERROR(SUMIF('Trade Log'!G5:G1004,A56,'Trade Log'!T5:T1004),"—"),"") | D56: =IF(A56<>"",IFERROR(COUNTIFS('Trade Log'!G5:G1004,A56,'Trade Log'!T5:T1004,">0")/COUNTIF('Trade Log'!G5:G1004,A56),"—"),"") | E56: =IF(A56<>"",IFERROR(AVERAGEIF('Trade Log'!G5:G1004,A56,'Trade Log'!T5:T1004),"—"),"") | F56: =IF(A56<>"",IFERROR(AVERAGEIF('Trade Log'!G5:G1004,A56,'Trade Log'!U5:U1004),"—"),"") | G56: =IF(A56<>"",IFERROR(maxifs('Trade Log'!T5:T1004,'Trade Log'!G5:G1004,A56),"—"),"") | H56: =IF(A56<>"",IFERROR(minifs('Trade Log'!T5:T1004,'Trade Log'!G5:G1004,A56),"—"),"") | I56: =IF(A56<>"",IFERROR(AVERAGEIF('Trade Log'!G5:G1004,A56,'Trade Log'!W5:W1004),"—"),"") | J56: =IF(A56<>"",IFERROR(maxifs('Trade Log'!U5:U1004,'Trade Log'!G5:G1004,A56),"—"),"")
B57: =IF(A57<>"",COUNTIF('Trade Log'!G5:G1004,A57),"") | C57: =IF(A57<>"",IFERROR(SUMIF('Trade Log'!G5:G1004,A57,'Trade Log'!T5:T1004),"—"),"") | D57: =IF(A57<>"",IFERROR(COUNTIFS('Trade Log'!G5:G1004,A57,'Trade Log'!T5:T1004,">0")/COUNTIF('Trade Log'!G5:G1004,A57),"—"),"") | E57: =IF(A57<>"",IFERROR(AVERAGEIF('Trade Log'!G5:G1004,A57,'Trade Log'!T5:T1004),"—"),"") | F57: =IF(A57<>"",IFERROR(AVERAGEIF('Trade Log'!G5:G1004,A57,'Trade Log'!U5:U1004),"—"),"") | G57: =IF(A57<>"",IFERROR(maxifs('Trade Log'!T5:T1004,'Trade Log'!G5:G1004,A57),"—"),"") | H57: =IF(A57<>"",IFERROR(minifs('Trade Log'!T5:T1004,'Trade Log'!G5:G1004,A57),"—"),"") | I57: =IF(A57<>"",IFERROR(AVERAGEIF('Trade Log'!G5:G1004,A57,'Trade Log'!W5:W1004),"—"),"") | J57: =IF(A57<>"",IFERROR(maxifs('Trade Log'!U5:U1004,'Trade Log'!G5:G1004,A57),"—"),"")
B58: =IF(A58<>"",COUNTIF('Trade Log'!G5:G1004,A58),"") | C58: =IF(A58<>"",IFERROR(SUMIF('Trade Log'!G5:G1004,A58,'Trade Log'!T5:T1004),"—"),"") | D58: =IF(A58<>"",IFERROR(COUNTIFS('Trade Log'!G5:G1004,A58,'Trade Log'!T5:T1004,">0")/COUNTIF('Trade Log'!G5:G1004,A58),"—"),"") | E58: =IF(A58<>"",IFERROR(AVERAGEIF('Trade Log'!G5:G1004,A58,'Trade Log'!T5:T1004),"—"),"") | F58: =IF(A58<>"",IFERROR(AVERAGEIF('Trade Log'!G5:G1004,A58,'Trade Log'!U5:U1004),"—"),"") | G58: =IF(A58<>"",IFERROR(maxifs('Trade Log'!T5:T1004,'Trade Log'!G5:G1004,A58),"—"),"") | H58: =IF(A58<>"",IFERROR(minifs('Trade Log'!T5:T1004,'Trade Log'!G5:G1004,A58),"—"),"") | I58: =IF(A58<>"",IFERROR(AVERAGEIF('Trade Log'!G5:G1004,A58,'Trade Log'!W5:W1004),"—"),"") | J58: =IF(A58<>"",IFERROR(maxifs('Trade Log'!U5:U1004,'Trade Log'!G5:G1004,A58),"—"),"")
B59: =IF(A59<>"",COUNTIF('Trade Log'!G5:G1004,A59),"") | C59: =IF(A59<>"",IFERROR(SUMIF('Trade Log'!G5:G1004,A59,'Trade Log'!T5:T1004),"—"),"") | D59: =IF(A59<>"",IFERROR(COUNTIFS('Trade Log'!G5:G1004,A59,'Trade Log'!T5:T1004,">0")/COUNTIF('Trade Log'!G5:G1004,A59),"—"),"") | E59: =IF(A59<>"",IFERROR(AVERAGEIF('Trade Log'!G5:G1004,A59,'Trade Log'!T5:T1004),"—"),"") | F59: =IF(A59<>"",IFERROR(AVERAGEIF('Trade Log'!G5:G1004,A59,'Trade Log'!U5:U1004),"—"),"") | G59: =IF(A59<>"",IFERROR(maxifs('Trade Log'!T5:T1004,'Trade Log'!G5:G1004,A59),"—"),"") | H59: =IF(A59<>"",IFERROR(minifs('Trade Log'!T5:T1004,'Trade Log'!G5:G1004,A59),"—"),"") | I59: =IF(A59<>"",IFERROR(AVERAGEIF('Trade Log'!G5:G1004,A59,'Trade Log'!W5:W1004),"—"),"") | J59: =IF(A59<>"",IFERROR(maxifs('Trade Log'!U5:U1004,'Trade Log'!G5:G1004,A59),"—"),"")
B60: =IF(A60<>"",COUNTIF('Trade Log'!G5:G1004,A60),"") | C60: =IF(A60<>"",IFERROR(SUMIF('Trade Log'!G5:G1004,A60,'Trade Log'!T5:T1004),"—"),"") | D60: =IF(A60<>"",IFERROR(COUNTIFS('Trade Log'!G5:G1004,A60,'Trade Log'!T5:T1004,">0")/COUNTIF('Trade Log'!G5:G1004,A60),"—"),"") | E60: =IF(A60<>"",IFERROR(AVERAGEIF('Trade Log'!G5:G1004,A60,'Trade Log'!T5:T1004),"—"),"") | F60: =IF(A60<>"",IFERROR(AVERAGEIF('Trade Log'!G5:G1004,A60,'Trade Log'!U5:U1004),"—"),"") | G60: =IF(A60<>"",IFERROR(maxifs('Trade Log'!T5:T1004,'Trade Log'!G5:G1004,A60),"—"),"") | H60: =IF(A60<>"",IFERROR(minifs('Trade Log'!T5:T1004,'Trade Log'!G5:G1004,A60),"—"),"") | I60: =IF(A60<>"",IFERROR(AVERAGEIF('Trade Log'!G5:G1004,A60,'Trade Log'!W5:W1004),"—"),"") | J60: =IF(A60<>"",IFERROR(maxifs('Trade Log'!U5:U1004,'Trade Log'!G5:G1004,A60),"—"),"")
B61: =IF(A61<>"",COUNTIF('Trade Log'!G5:G1004,A61),"") | C61: =IF(A61<>"",IFERROR(SUMIF('Trade Log'!G5:G1004,A61,'Trade Log'!T5:T1004),"—"),"") | D61: =IF(A61<>"",IFERROR(COUNTIFS('Trade Log'!G5:G1004,A61,'Trade Log'!T5:T1004,">0")/COUNTIF('Trade Log'!G5:G1004,A61),"—"),"") | E61: =IF(A61<>"",IFERROR(AVERAGEIF('Trade Log'!G5:G1004,A61,'Trade Log'!T5:T1004),"—"),"") | F61: =IF(A61<>"",IFERROR(AVERAGEIF('Trade Log'!G5:G1004,A61,'Trade Log'!U5:U1004),"—"),"") | G61: =IF(A61<>"",IFERROR(maxifs('Trade Log'!T5:T1004,'Trade Log'!G5:G1004,A61),"—"),"") | H61: =IF(A61<>"",IFERROR(minifs('Trade Log'!T5:T1004,'Trade Log'!G5:G1004,A61),"—"),"") | I61: =IF(A61<>"",IFERROR(AVERAGEIF('Trade Log'!G5:G1004,A61,'Trade Log'!W5:W1004),"—"),"") | J61: =IF(A61<>"",IFERROR(maxifs('Trade Log'!U5:U1004,'Trade Log'!G5:G1004,A61),"—"),"")
B62: =IF(A62<>"",COUNTIF('Trade Log'!G5:G1004,A62),"") | C62: =IF(A62<>"",IFERROR(SUMIF('Trade Log'!G5:G1004,A62,'Trade Log'!T5:T1004),"—"),"") | D62: =IF(A62<>"",IFERROR(COUNTIFS('Trade Log'!G5:G1004,A62,'Trade Log'!T5:T1004,">0")/COUNTIF('Trade Log'!G5:G1004,A62),"—"),"") | E62: =IF(A62<>"",IFERROR(AVERAGEIF('Trade Log'!G5:G1004,A62,'Trade Log'!T5:T1004),"—"),"") | F62: =IF(A62<>"",IFERROR(AVERAGEIF('Trade Log'!G5:G1004,A62,'Trade Log'!U5:U1004),"—"),"") | G62: =IF(A62<>"",IFERROR(maxifs('Trade Log'!T5:T1004,'Trade Log'!G5:G1004,A62),"—"),"") | H62: =IF(A62<>"",IFERROR(minifs('Trade Log'!T5:T1004,'Trade Log'!G5:G1004,A62),"—"),"") | I62: =IF(A62<>"",IFERROR(AVERAGEIF('Trade Log'!G5:G1004,A62,'Trade Log'!W5:W1004),"—"),"") | J62: =IF(A62<>"",IFERROR(maxifs('Trade Log'!U5:U1004,'Trade Log'!G5:G1004,A62),"—"),"")
B63: =IF(A63<>"",COUNTIF('Trade Log'!G5:G1004,A63),"") | C63: =IF(A63<>"",IFERROR(SUMIF('Trade Log'!G5:G1004,A63,'Trade Log'!T5:T1004),"—"),"") | D63: =IF(A63<>"",IFERROR(COUNTIFS('Trade Log'!G5:G1004,A63,'Trade Log'!T5:T1004,">0")/COUNTIF('Trade Log'!G5:G1004,A63),"—"),"") | E63: =IF(A63<>"",IFERROR(AVERAGEIF('Trade Log'!G5:G1004,A63,'Trade Log'!T5:T1004),"—"),"") | F63: =IF(A63<>"",IFERROR(AVERAGEIF('Trade Log'!G5:G1004,A63,'Trade Log'!U5:U1004),"—"),"") | G63: =IF(A63<>"",IFERROR(maxifs('Trade Log'!T5:T1004,'Trade Log'!G5:G1004,A63),"—"),"") | H63: =IF(A63<>"",IFERROR(minifs('Trade Log'!T5:T1004,'Trade Log'!G5:G1004,A63),"—"),"") | I63: =IF(A63<>"",IFERROR(AVERAGEIF('Trade Log'!G5:G1004,A63,'Trade Log'!W5:W1004),"—"),"") | J63: =IF(A63<>"",IFERROR(maxifs('Trade Log'!U5:U1004,'Trade Log'!G5:G1004,A63),"—"),"")
B64: =IF(A64<>"",COUNTIF('Trade Log'!G5:G1004,A64),"") | C64: =IF(A64<>"",IFERROR(SUMIF('Trade Log'!G5:G1004,A64,'Trade Log'!T5:T1004),"—"),"") | D64: =IF(A64<>"",IFERROR(COUNTIFS('Trade Log'!G5:G1004,A64,'Trade Log'!T5:T1004,">0")/COUNTIF('Trade Log'!G5:G1004,A64),"—"),"") | E64: =IF(A64<>"",IFERROR(AVERAGEIF('Trade Log'!G5:G1004,A64,'Trade Log'!T5:T1004),"—"),"") | F64: =IF(A64<>"",IFERROR(AVERAGEIF('Trade Log'!G5:G1004,A64,'Trade Log'!U5:U1004),"—"),"") | G64: =IF(A64<>"",IFERROR(maxifs('Trade Log'!T5:T1004,'Trade Log'!G5:G1004,A64),"—"),"") | H64: =IF(A64<>"",IFERROR(minifs('Trade Log'!T5:T1004,'Trade Log'!G5:G1004,A64),"—"),"") | I64: =IF(A64<>"",IFERROR(AVERAGEIF('Trade Log'!G5:G1004,A64,'Trade Log'!W5:W1004),"—"),"") | J64: =IF(A64<>"",IFERROR(maxifs('Trade Log'!U5:U1004,'Trade Log'!G5:G1004,A64),"—"),"")
B65: =IF(A65<>"",COUNTIF('Trade Log'!G5:G1004,A65),"") | C65: =IF(A65<>"",IFERROR(SUMIF('Trade Log'!G5:G1004,A65,'Trade Log'!T5:T1004),"—"),"") | D65: =IF(A65<>"",IFERROR(COUNTIFS('Trade Log'!G5:G1004,A65,'Trade Log'!T5:T1004,">0")/COUNTIF('Trade Log'!G5:G1004,A65),"—"),"") | E65: =IF(A65<>"",IFERROR(AVERAGEIF('Trade Log'!G5:G1004,A65,'Trade Log'!T5:T1004),"—"),"") | F65: =IF(A65<>"",IFERROR(AVERAGEIF('Trade Log'!G5:G1004,A65,'Trade Log'!U5:U1004),"—"),"") | G65: =IF(A65<>"",IFERROR(maxifs('Trade Log'!T5:T1004,'Trade Log'!G5:G1004,A65),"—"),"") | H65: =IF(A65<>"",IFERROR(minifs('Trade Log'!T5:T1004,'Trade Log'!G5:G1004,A65),"—"),"") | I65: =IF(A65<>"",IFERROR(AVERAGEIF('Trade Log'!G5:G1004,A65,'Trade Log'!W5:W1004),"—"),"") | J65: =IF(A65<>"",IFERROR(maxifs('Trade Log'!U5:U1004,'Trade Log'!G5:G1004,A65),"—"),"")
B66: =IF(A66<>"",COUNTIF('Trade Log'!G5:G1004,A66),"") | C66: =IF(A66<>"",IFERROR(SUMIF('Trade Log'!G5:G1004,A66,'Trade Log'!T5:T1004),"—"),"") | D66: =IF(A66<>"",IFERROR(COUNTIFS('Trade Log'!G5:G1004,A66,'Trade Log'!T5:T1004,">0")/COUNTIF('Trade Log'!G5:G1004,A66),"—"),"") | E66: =IF(A66<>"",IFERROR(AVERAGEIF('Trade Log'!G5:G1004,A66,'Trade Log'!T5:T1004),"—"),"") | F66: =IF(A66<>"",IFERROR(AVERAGEIF('Trade Log'!G5:G1004,A66,'Trade Log'!U5:U1004),"—"),"") | G66: =IF(A66<>"",IFERROR(maxifs('Trade Log'!T5:T1004,'Trade Log'!G5:G1004,A66),"—"),"") | H66: =IF(A66<>"",IFERROR(minifs('Trade Log'!T5:T1004,'Trade Log'!G5:G1004,A66),"—"),"") | I66: =IF(A66<>"",IFERROR(AVERAGEIF('Trade Log'!G5:G1004,A66,'Trade Log'!W5:W1004),"—"),"") | J66: =IF(A66<>"",IFERROR(maxifs('Trade Log'!U5:U1004,'Trade Log'!G5:G1004,A66),"—"),"")
B67: =IF(A67<>"",COUNTIF('Trade Log'!G5:G1004,A67),"") | C67: =IF(A67<>"",IFERROR(SUMIF('Trade Log'!G5:G1004,A67,'Trade Log'!T5:T1004),"—"),"") | D67: =IF(A67<>"",IFERROR(COUNTIFS('Trade Log'!G5:G1004,A67,'Trade Log'!T5:T1004,">0")/COUNTIF('Trade Log'!G5:G1004,A67),"—"),"") | E67: =IF(A67<>"",IFERROR(AVERAGEIF('Trade Log'!G5:G1004,A67,'Trade Log'!T5:T1004),"—"),"") | F67: =IF(A67<>"",IFERROR(AVERAGEIF('Trade Log'!G5:G1004,A67,'Trade Log'!U5:U1004),"—"),"") | G67: =IF(A67<>"",IFERROR(maxifs('Trade Log'!T5:T1004,'Trade Log'!G5:G1004,A67),"—"),"") | H67: =IF(A67<>"",IFERROR(minifs('Trade Log'!T5:T1004,'Trade Log'!G5:G1004,A67),"—"),"") | I67: =IF(A67<>"",IFERROR(AVERAGEIF('Trade Log'!G5:G1004,A67,'Trade Log'!W5:W1004),"—"),"") | J67: =IF(A67<>"",IFERROR(maxifs('Trade Log'!U5:U1004,'Trade Log'!G5:G1004,A67),"—"),"")
B68: =IF(A68<>"",COUNTIF('Trade Log'!G5:G1004,A68),"") | C68: =IF(A68<>"",IFERROR(SUMIF('Trade Log'!G5:G1004,A68,'Trade Log'!T5:T1004),"—"),"") | D68: =IF(A68<>"",IFERROR(COUNTIFS('Trade Log'!G5:G1004,A68,'Trade Log'!T5:T1004,">0")/COUNTIF('Trade Log'!G5:G1004,A68),"—"),"") | E68: =IF(A68<>"",IFERROR(AVERAGEIF('Trade Log'!G5:G1004,A68,'Trade Log'!T5:T1004),"—"),"") | F68: =IF(A68<>"",IFERROR(AVERAGEIF('Trade Log'!G5:G1004,A68,'Trade Log'!U5:U1004),"—"),"") | G68: =IF(A68<>"",IFERROR(maxifs('Trade Log'!T5:T1004,'Trade Log'!G5:G1004,A68),"—"),"") | H68: =IF(A68<>"",IFERROR(minifs('Trade Log'!T5:T1004,'Trade Log'!G5:G1004,A68),"—"),"") | I68: =IF(A68<>"",IFERROR(AVERAGEIF('Trade Log'!G5:G1004,A68,'Trade Log'!W5:W1004),"—"),"") | J68: =IF(A68<>"",IFERROR(maxifs('Trade Log'!U5:U1004,'Trade Log'!G5:G1004,A68),"—"),"")
B69: =IF(A69<>"",COUNTIF('Trade Log'!G5:G1004,A69),"") | C69: =IF(A69<>"",IFERROR(SUMIF('Trade Log'!G5:G1004,A69,'Trade Log'!T5:T1004),"—"),"") | D69: =IF(A69<>"",IFERROR(COUNTIFS('Trade Log'!G5:G1004,A69,'Trade Log'!T5:T1004,">0")/COUNTIF('Trade Log'!G5:G1004,A69),"—"),"") | E69: =IF(A69<>"",IFERROR(AVERAGEIF('Trade Log'!G5:G1004,A69,'Trade Log'!T5:T1004),"—"),"") | F69: =IF(A69<>"",IFERROR(AVERAGEIF('Trade Log'!G5:G1004,A69,'Trade Log'!U5:U1004),"—"),"") | G69: =IF(A69<>"",IFERROR(maxifs('Trade Log'!T5:T1004,'Trade Log'!G5:G1004,A69),"—"),"") | H69: =IF(A69<>"",IFERROR(minifs('Trade Log'!T5:T1004,'Trade Log'!G5:G1004,A69),"—"),"") | I69: =IF(A69<>"",IFERROR(AVERAGEIF('Trade Log'!G5:G1004,A69,'Trade Log'!W5:W1004),"—"),"") | J69: =IF(A69<>"",IFERROR(maxifs('Trade Log'!U5:U1004,'Trade Log'!G5:G1004,A69),"—"),"")
B70: =IF(A70<>"",COUNTIF('Trade Log'!G5:G1004,A70),"") | C70: =IF(A70<>"",IFERROR(SUMIF('Trade Log'!G5:G1004,A70,'Trade Log'!T5:T1004),"—"),"") | D70: =IF(A70<>"",IFERROR(COUNTIFS('Trade Log'!G5:G1004,A70,'Trade Log'!T5:T1004,">0")/COUNTIF('Trade Log'!G5:G1004,A70),"—"),"") | E70: =IF(A70<>"",IFERROR(AVERAGEIF('Trade Log'!G5:G1004,A70,'Trade Log'!T5:T1004),"—"),"") | F70: =IF(A70<>"",IFERROR(AVERAGEIF('Trade Log'!G5:G1004,A70,'Trade Log'!U5:U1004),"—"),"") | G70: =IF(A70<>"",IFERROR(maxifs('Trade Log'!T5:T1004,'Trade Log'!G5:G1004,A70),"—"),"") | H70: =IF(A70<>"",IFERROR(minifs('Trade Log'!T5:T1004,'Trade Log'!G5:G1004,A70),"—"),"") | I70: =IF(A70<>"",IFERROR(AVERAGEIF('Trade Log'!G5:G1004,A70,'Trade Log'!W5:W1004),"—"),"") | J70: =IF(A70<>"",IFERROR(maxifs('Trade Log'!U5:U1004,'Trade Log'!G5:G1004,A70),"—"),"")
B71: =IF(A71<>"",COUNTIF('Trade Log'!G5:G1004,A71),"") | C71: =IF(A71<>"",IFERROR(SUMIF('Trade Log'!G5:G1004,A71,'Trade Log'!T5:T1004),"—"),"") | D71: =IF(A71<>"",IFERROR(COUNTIFS('Trade Log'!G5:G1004,A71,'Trade Log'!T5:T1004,">0")/COUNTIF('Trade Log'!G5:G1004,A71),"—"),"") | E71: =IF(A71<>"",IFERROR(AVERAGEIF('Trade Log'!G5:G1004,A71,'Trade Log'!T5:T1004),"—"),"") | F71: =IF(A71<>"",IFERROR(AVERAGEIF('Trade Log'!G5:G1004,A71,'Trade Log'!U5:U1004),"—"),"") | G71: =IF(A71<>"",IFERROR(maxifs('Trade Log'!T5:T1004,'Trade Log'!G5:G1004,A71),"—"),"") | H71: =IF(A71<>"",IFERROR(minifs('Trade Log'!T5:T1004,'Trade Log'!G5:G1004,A71),"—"),"") | I71: =IF(A71<>"",IFERROR(AVERAGEIF('Trade Log'!G5:G1004,A71,'Trade Log'!W5:W1004),"—"),"") | J71: =IF(A71<>"",IFERROR(maxifs('Trade Log'!U5:U1004,'Trade Log'!G5:G1004,A71),"—"),"")
B72: =IF(A72<>"",COUNTIF('Trade Log'!G5:G1004,A72),"") | C72: =IF(A72<>"",IFERROR(SUMIF('Trade Log'!G5:G1004,A72,'Trade Log'!T5:T1004),"—"),"") | D72: =IF(A72<>"",IFERROR(COUNTIFS('Trade Log'!G5:G1004,A72,'Trade Log'!T5:T1004,">0")/COUNTIF('Trade Log'!G5:G1004,A72),"—"),"") | E72: =IF(A72<>"",IFERROR(AVERAGEIF('Trade Log'!G5:G1004,A72,'Trade Log'!T5:T1004),"—"),"") | F72: =IF(A72<>"",IFERROR(AVERAGEIF('Trade Log'!G5:G1004,A72,'Trade Log'!U5:U1004),"—"),"") | G72: =IF(A72<>"",IFERROR(maxifs('Trade Log'!T5:T1004,'Trade Log'!G5:G1004,A72),"—"),"") | H72: =IF(A72<>"",IFERROR(minifs('Trade Log'!T5:T1004,'Trade Log'!G5:G1004,A72),"—"),"") | I72: =IF(A72<>"",IFERROR(AVERAGEIF('Trade Log'!G5:G1004,A72,'Trade Log'!W5:W1004),"—"),"") | J72: =IF(A72<>"",IFERROR(maxifs('Trade Log'!U5:U1004,'Trade Log'!G5:G1004,A72),"—"),"")
B73: =IF(A73<>"",COUNTIF('Trade Log'!G5:G1004,A73),"") | C73: =IF(A73<>"",IFERROR(SUMIF('Trade Log'!G5:G1004,A73,'Trade Log'!T5:T1004),"—"),"") | D73: =IF(A73<>"",IFERROR(COUNTIFS('Trade Log'!G5:G1004,A73,'Trade Log'!T5:T1004,">0")/COUNTIF('Trade Log'!G5:G1004,A73),"—"),"") | E73: =IF(A73<>"",IFERROR(AVERAGEIF('Trade Log'!G5:G1004,A73,'Trade Log'!T5:T1004),"—"),"") | F73: =IF(A73<>"",IFERROR(AVERAGEIF('Trade Log'!G5:G1004,A73,'Trade Log'!U5:U1004),"—"),"") | G73: =IF(A73<>"",IFERROR(maxifs('Trade Log'!T5:T1004,'Trade Log'!G5:G1004,A73),"—"),"") | H73: =IF(A73<>"",IFERROR(minifs('Trade Log'!T5:T1004,'Trade Log'!G5:G1004,A73),"—"),"") | I73: =IF(A73<>"",IFERROR(AVERAGEIF('Trade Log'!G5:G1004,A73,'Trade Log'!W5:W1004),"—"),"") | J73: =IF(A73<>"",IFERROR(maxifs('Trade Log'!U5:U1004,'Trade Log'!G5:G1004,A73),"—"),"")
B74: =IF(A74<>"",COUNTIF('Trade Log'!G5:G1004,A74),"") | C74: =IF(A74<>"",IFERROR(SUMIF('Trade Log'!G5:G1004,A74,'Trade Log'!T5:T1004),"—"),"") | D74: =IF(A74<>"",IFERROR(COUNTIFS('Trade Log'!G5:G1004,A74,'Trade Log'!T5:T1004,">0")/COUNTIF('Trade Log'!G5:G1004,A74),"—"),"") | E74: =IF(A74<>"",IFERROR(AVERAGEIF('Trade Log'!G5:G1004,A74,'Trade Log'!T5:T1004),"—"),"") | F74: =IF(A74<>"",IFERROR(AVERAGEIF('Trade Log'!G5:G1004,A74,'Trade Log'!U5:U1004),"—"),"") | G74: =IF(A74<>"",IFERROR(maxifs('Trade Log'!T5:T1004,'Trade Log'!G5:G1004,A74),"—"),"") | H74: =IF(A74<>"",IFERROR(minifs('Trade Log'!T5:T1004,'Trade Log'!G5:G1004,A74),"—"),"") | I74: =IF(A74<>"",IFERROR(AVERAGEIF('Trade Log'!G5:G1004,A74,'Trade Log'!W5:W1004),"—"),"") | J74: =IF(A74<>"",IFERROR(maxifs('Trade Log'!U5:U1004,'Trade Log'!G5:G1004,A74),"—"),"")
B75: =IF(A75<>"",COUNTIF('Trade Log'!G5:G1004,A75),"") | C75: =IF(A75<>"",IFERROR(SUMIF('Trade Log'!G5:G1004,A75,'Trade Log'!T5:T1004),"—"),"") | D75: =IF(A75<>"",IFERROR(COUNTIFS('Trade Log'!G5:G1004,A75,'Trade Log'!T5:T1004,">0")/COUNTIF('Trade Log'!G5:G1004,A75),"—"),"") | E75: =IF(A75<>"",IFERROR(AVERAGEIF('Trade Log'!G5:G1004,A75,'Trade Log'!T5:T1004),"—"),"") | F75: =IF(A75<>"",IFERROR(AVERAGEIF('Trade Log'!G5:G1004,A75,'Trade Log'!U5:U1004),"—"),"") | G75: =IF(A75<>"",IFERROR(maxifs('Trade Log'!T5:T1004,'Trade Log'!G5:G1004,A75),"—"),"") | H75: =IF(A75<>"",IFERROR(minifs('Trade Log'!T5:T1004,'Trade Log'!G5:G1004,A75),"—"),"") | I75: =IF(A75<>"",IFERROR(AVERAGEIF('Trade Log'!G5:G1004,A75,'Trade Log'!W5:W1004),"—"),"") | J75: =IF(A75<>"",IFERROR(maxifs('Trade Log'!U5:U1004,'Trade Log'!G5:G1004,A75),"—"),"")
B76: =IF(A76<>"",COUNTIF('Trade Log'!G5:G1004,A76),"") | C76: =IF(A76<>"",IFERROR(SUMIF('Trade Log'!G5:G1004,A76,'Trade Log'!T5:T1004),"—"),"") | D76: =IF(A76<>"",IFERROR(COUNTIFS('Trade Log'!G5:G1004,A76,'Trade Log'!T5:T1004,">0")/COUNTIF('Trade Log'!G5:G1004,A76),"—"),"") | E76: =IF(A76<>"",IFERROR(AVERAGEIF('Trade Log'!G5:G1004,A76,'Trade Log'!T5:T1004),"—"),"") | F76: =IF(A76<>"",IFERROR(AVERAGEIF('Trade Log'!G5:G1004,A76,'Trade Log'!U5:U1004),"—"),"") | G76: =IF(A76<>"",IFERROR(maxifs('Trade Log'!T5:T1004,'Trade Log'!G5:G1004,A76),"—"),"") | H76: =IF(A76<>"",IFERROR(minifs('Trade Log'!T5:T1004,'Trade Log'!G5:G1004,A76),"—"),"") | I76: =IF(A76<>"",IFERROR(AVERAGEIF('Trade Log'!G5:G1004,A76,'Trade Log'!W5:W1004),"—"),"") | J76: =IF(A76<>"",IFERROR(maxifs('Trade Log'!U5:U1004,'Trade Log'!G5:G1004,A76),"—"),"")
B77: =IF(A77<>"",COUNTIF('Trade Log'!G5:G1004,A77),"") | C77: =IF(A77<>"",IFERROR(SUMIF('Trade Log'!G5:G1004,A77,'Trade Log'!T5:T1004),"—"),"") | D77: =IF(A77<>"",IFERROR(COUNTIFS('Trade Log'!G5:G1004,A77,'Trade Log'!T5:T1004,">0")/COUNTIF('Trade Log'!G5:G1004,A77),"—"),"") | E77: =IF(A77<>"",IFERROR(AVERAGEIF('Trade Log'!G5:G1004,A77,'Trade Log'!T5:T1004),"—"),"") | F77: =IF(A77<>"",IFERROR(AVERAGEIF('Trade Log'!G5:G1004,A77,'Trade Log'!U5:U1004),"—"),"") | G77: =IF(A77<>"",IFERROR(maxifs('Trade Log'!T5:T1004,'Trade Log'!G5:G1004,A77),"—"),"") | H77: =IF(A77<>"",IFERROR(minifs('Trade Log'!T5:T1004,'Trade Log'!G5:G1004,A77),"—"),"") | I77: =IF(A77<>"",IFERROR(AVERAGEIF('Trade Log'!G5:G1004,A77,'Trade Log'!W5:W1004),"—"),"") | J77: =IF(A77<>"",IFERROR(maxifs('Trade Log'!U5:U1004,'Trade Log'!G5:G1004,A77),"—"),"")
B78: =IF(A78<>"",COUNTIF('Trade Log'!G5:G1004,A78),"") | C78: =IF(A78<>"",IFERROR(SUMIF('Trade Log'!G5:G1004,A78,'Trade Log'!T5:T1004),"—"),"") | D78: =IF(A78<>"",IFERROR(COUNTIFS('Trade Log'!G5:G1004,A78,'Trade Log'!T5:T1004,">0")/COUNTIF('Trade Log'!G5:G1004,A78),"—"),"") | E78: =IF(A78<>"",IFERROR(AVERAGEIF('Trade Log'!G5:G1004,A78,'Trade Log'!T5:T1004),"—"),"") | F78: =IF(A78<>"",IFERROR(AVERAGEIF('Trade Log'!G5:G1004,A78,'Trade Log'!U5:U1004),"—"),"") | G78: =IF(A78<>"",IFERROR(maxifs('Trade Log'!T5:T1004,'Trade Log'!G5:G1004,A78),"—"),"") | H78: =IF(A78<>"",IFERROR(minifs('Trade Log'!T5:T1004,'Trade Log'!G5:G1004,A78),"—"),"") | I78: =IF(A78<>"",IFERROR(AVERAGEIF('Trade Log'!G5:G1004,A78,'Trade Log'!W5:W1004),"—"),"") | J78: =IF(A78<>"",IFERROR(maxifs('Trade Log'!U5:U1004,'Trade Log'!G5:G1004,A78),"—"),"")
B79: =IF(A79<>"",COUNTIF('Trade Log'!G5:G1004,A79),"") | C79: =IF(A79<>"",IFERROR(SUMIF('Trade Log'!G5:G1004,A79,'Trade Log'!T5:T1004),"—"),"") | D79: =IF(A79<>"",IFERROR(COUNTIFS('Trade Log'!G5:G1004,A79,'Trade Log'!T5:T1004,">0")/COUNTIF('Trade Log'!G5:G1004,A79),"—"),"") | E79: =IF(A79<>"",IFERROR(AVERAGEIF('Trade Log'!G5:G1004,A79,'Trade Log'!T5:T1004),"—"),"") | F79: =IF(A79<>"",IFERROR(AVERAGEIF('Trade Log'!G5:G1004,A79,'Trade Log'!U5:U1004),"—"),"") | G79: =IF(A79<>"",IFERROR(maxifs('Trade Log'!T5:T1004,'Trade Log'!G5:G1004,A79),"—"),"") | H79: =IF(A79<>"",IFERROR(minifs('Trade Log'!T5:T1004,'Trade Log'!G5:G1004,A79),"—"),"") | I79: =IF(A79<>"",IFERROR(AVERAGEIF('Trade Log'!G5:G1004,A79,'Trade Log'!W5:W1004),"—"),"") | J79: =IF(A79<>"",IFERROR(maxifs('Trade Log'!U5:U1004,'Trade Log'!G5:G1004,A79),"—"),"")
B80: =IF(A80<>"",COUNTIF('Trade Log'!G5:G1004,A80),"") | C80: =IF(A80<>"",IFERROR(SUMIF('Trade Log'!G5:G1004,A80,'Trade Log'!T5:T1004),"—"),"") | D80: =IF(A80<>"",IFERROR(COUNTIFS('Trade Log'!G5:G1004,A80,'Trade Log'!T5:T1004,">0")/COUNTIF('Trade Log'!G5:G1004,A80),"—"),"") | E80: =IF(A80<>"",IFERROR(AVERAGEIF('Trade Log'!G5:G1004,A80,'Trade Log'!T5:T1004),"—"),"") | F80: =IF(A80<>"",IFERROR(AVERAGEIF('Trade Log'!G5:G1004,A80,'Trade Log'!U5:U1004),"—"),"") | G80: =IF(A80<>"",IFERROR(maxifs('Trade Log'!T5:T1004,'Trade Log'!G5:G1004,A80),"—"),"") | H80: =IF(A80<>"",IFERROR(minifs('Trade Log'!T5:T1004,'Trade Log'!G5:G1004,A80),"—"),"") | I80: =IF(A80<>"",IFERROR(AVERAGEIF('Trade Log'!G5:G1004,A80,'Trade Log'!W5:W1004),"—"),"") | J80: =IF(A80<>"",IFERROR(maxifs('Trade Log'!U5:U1004,'Trade Log'!G5:G1004,A80),"—"),"")
B81: =IF(A81<>"",COUNTIF('Trade Log'!G5:G1004,A81),"") | C81: =IF(A81<>"",IFERROR(SUMIF('Trade Log'!G5:G1004,A81,'Trade Log'!T5:T1004),"—"),"") | D81: =IF(A81<>"",IFERROR(COUNTIFS('Trade Log'!G5:G1004,A81,'Trade Log'!T5:T1004,">0")/COUNTIF('Trade Log'!G5:G1004,A81),"—"),"") | E81: =IF(A81<>"",IFERROR(AVERAGEIF('Trade Log'!G5:G1004,A81,'Trade Log'!T5:T1004),"—"),"") | F81: =IF(A81<>"",IFERROR(AVERAGEIF('Trade Log'!G5:G1004,A81,'Trade Log'!U5:U1004),"—"),"") | G81: =IF(A81<>"",IFERROR(maxifs('Trade Log'!T5:T1004,'Trade Log'!G5:G1004,A81),"—"),"") | H81: =IF(A81<>"",IFERROR(minifs('Trade Log'!T5:T1004,'Trade Log'!G5:G1004,A81),"—"),"") | I81: =IF(A81<>"",IFERROR(AVERAGEIF('Trade Log'!G5:G1004,A81,'Trade Log'!W5:W1004),"—"),"") | J81: =IF(A81<>"",IFERROR(maxifs('Trade Log'!U5:U1004,'Trade Log'!G5:G1004,A81),"—"),"")
B82: =IF(A82<>"",COUNTIF('Trade Log'!G5:G1004,A82),"") | C82: =IF(A82<>"",IFERROR(SUMIF('Trade Log'!G5:G1004,A82,'Trade Log'!T5:T1004),"—"),"") | D82: =IF(A82<>"",IFERROR(COUNTIFS('Trade Log'!G5:G1004,A82,'Trade Log'!T5:T1004,">0")/COUNTIF('Trade Log'!G5:G1004,A82),"—"),"") | E82: =IF(A82<>"",IFERROR(AVERAGEIF('Trade Log'!G5:G1004,A82,'Trade Log'!T5:T1004),"—"),"") | F82: =IF(A82<>"",IFERROR(AVERAGEIF('Trade Log'!G5:G1004,A82,'Trade Log'!U5:U1004),"—"),"") | G82: =IF(A82<>"",IFERROR(maxifs('Trade Log'!T5:T1004,'Trade Log'!G5:G1004,A82),"—"),"") | H82: =IF(A82<>"",IFERROR(minifs('Trade Log'!T5:T1004,'Trade Log'!G5:G1004,A82),"—"),"") | I82: =IF(A82<>"",IFERROR(AVERAGEIF('Trade Log'!G5:G1004,A82,'Trade Log'!W5:W1004),"—"),"") | J82: =IF(A82<>"",IFERROR(maxifs('Trade Log'!U5:U1004,'Trade Log'!G5:G1004,A82),"—"),"")
B83: =IF(A83<>"",COUNTIF('Trade Log'!G5:G1004,A83),"") | C83: =IF(A83<>"",IFERROR(SUMIF('Trade Log'!G5:G1004,A83,'Trade Log'!T5:T1004),"—"),"") | D83: =IF(A83<>"",IFERROR(COUNTIFS('Trade Log'!G5:G1004,A83,'Trade Log'!T5:T1004,">0")/COUNTIF('Trade Log'!G5:G1004,A83),"—"),"") | E83: =IF(A83<>"",IFERROR(AVERAGEIF('Trade Log'!G5:G1004,A83,'Trade Log'!T5:T1004),"—"),"") | F83: =IF(A83<>"",IFERROR(AVERAGEIF('Trade Log'!G5:G1004,A83,'Trade Log'!U5:U1004),"—"),"") | G83: =IF(A83<>"",IFERROR(maxifs('Trade Log'!T5:T1004,'Trade Log'!G5:G1004,A83),"—"),"") | H83: =IF(A83<>"",IFERROR(minifs('Trade Log'!T5:T1004,'Trade Log'!G5:G1004,A83),"—"),"") | I83: =IF(A83<>"",IFERROR(AVERAGEIF('Trade Log'!G5:G1004,A83,'Trade Log'!W5:W1004),"—"),"") | J83: =IF(A83<>"",IFERROR(maxifs('Trade Log'!U5:U1004,'Trade Log'!G5:G1004,A83),"—"),"")
B84: =IF(A84<>"",COUNTIF('Trade Log'!G5:G1004,A84),"") | C84: =IF(A84<>"",IFERROR(SUMIF('Trade Log'!G5:G1004,A84,'Trade Log'!T5:T1004),"—"),"") | D84: =IF(A84<>"",IFERROR(COUNTIFS('Trade Log'!G5:G1004,A84,'Trade Log'!T5:T1004,">0")/COUNTIF('Trade Log'!G5:G1004,A84),"—"),"") | E84: =IF(A84<>"",IFERROR(AVERAGEIF('Trade Log'!G5:G1004,A84,'Trade Log'!T5:T1004),"—"),"") | F84: =IF(A84<>"",IFERROR(AVERAGEIF('Trade Log'!G5:G1004,A84,'Trade Log'!U5:U1004),"—"),"") | G84: =IF(A84<>"",IFERROR(maxifs('Trade Log'!T5:T1004,'Trade Log'!G5:G1004,A84),"—"),"") | H84: =IF(A84<>"",IFERROR(minifs('Trade Log'!T5:T1004,'Trade Log'!G5:G1004,A84),"—"),"") | I84: =IF(A84<>"",IFERROR(AVERAGEIF('Trade Log'!G5:G1004,A84,'Trade Log'!W5:W1004),"—"),"") | J84: =IF(A84<>"",IFERROR(maxifs('Trade Log'!U5:U1004,'Trade Log'!G5:G1004,A84),"—"),"")
B85: =IF(A85<>"",COUNTIF('Trade Log'!G5:G1004,A85),"") | C85: =IF(A85<>"",IFERROR(SUMIF('Trade Log'!G5:G1004,A85,'Trade Log'!T5:T1004),"—"),"") | D85: =IF(A85<>"",IFERROR(COUNTIFS('Trade Log'!G5:G1004,A85,'Trade Log'!T5:T1004,">0")/COUNTIF('Trade Log'!G5:G1004,A85),"—"),"") | E85: =IF(A85<>"",IFERROR(AVERAGEIF('Trade Log'!G5:G1004,A85,'Trade Log'!T5:T1004),"—"),"") | F85: =IF(A85<>"",IFERROR(AVERAGEIF('Trade Log'!G5:G1004,A85,'Trade Log'!U5:U1004),"—"),"") | G85: =IF(A85<>"",IFERROR(maxifs('Trade Log'!T5:T1004,'Trade Log'!G5:G1004,A85),"—"),"") | H85: =IF(A85<>"",IFERROR(minifs('Trade Log'!T5:T1004,'Trade Log'!G5:G1004,A85),"—"),"") | I85: =IF(A85<>"",IFERROR(AVERAGEIF('Trade Log'!G5:G1004,A85,'Trade Log'!W5:W1004),"—"),"") | J85: =IF(A85<>"",IFERROR(maxifs('Trade Log'!U5:U1004,'Trade Log'!G5:G1004,A85),"—"),"")
B86: =IF(A86<>"",COUNTIF('Trade Log'!G5:G1004,A86),"") | C86: =IF(A86<>"",IFERROR(SUMIF('Trade Log'!G5:G1004,A86,'Trade Log'!T5:T1004),"—"),"") | D86: =IF(A86<>"",IFERROR(COUNTIFS('Trade Log'!G5:G1004,A86,'Trade Log'!T5:T1004,">0")/COUNTIF('Trade Log'!G5:G1004,A86),"—"),"") | E86: =IF(A86<>"",IFERROR(AVERAGEIF('Trade Log'!G5:G1004,A86,'Trade Log'!T5:T1004),"—"),"") | F86: =IF(A86<>"",IFERROR(AVERAGEIF('Trade Log'!G5:G1004,A86,'Trade Log'!U5:U1004),"—"),"") | G86: =IF(A86<>"",IFERROR(maxifs('Trade Log'!T5:T1004,'Trade Log'!G5:G1004,A86),"—"),"") | H86: =IF(A86<>"",IFERROR(minifs('Trade Log'!T5:T1004,'Trade Log'!G5:G1004,A86),"—"),"") | I86: =IF(A86<>"",IFERROR(AVERAGEIF('Trade Log'!G5:G1004,A86,'Trade Log'!W5:W1004),"—"),"") | J86: =IF(A86<>"",IFERROR(maxifs('Trade Log'!U5:U1004,'Trade Log'!G5:G1004,A86),"—"),"")
B87: =IF(A87<>"",COUNTIF('Trade Log'!G5:G1004,A87),"") | C87: =IF(A87<>"",IFERROR(SUMIF('Trade Log'!G5:G1004,A87,'Trade Log'!T5:T1004),"—"),"") | D87: =IF(A87<>"",IFERROR(COUNTIFS('Trade Log'!G5:G1004,A87,'Trade Log'!T5:T1004,">0")/COUNTIF('Trade Log'!G5:G1004,A87),"—"),"") | E87: =IF(A87<>"",IFERROR(AVERAGEIF('Trade Log'!G5:G1004,A87,'Trade Log'!T5:T1004),"—"),"") | F87: =IF(A87<>"",IFERROR(AVERAGEIF('Trade Log'!G5:G1004,A87,'Trade Log'!U5:U1004),"—"),"") | G87: =IF(A87<>"",IFERROR(maxifs('Trade Log'!T5:T1004,'Trade Log'!G5:G1004,A87),"—"),"") | H87: =IF(A87<>"",IFERROR(minifs('Trade Log'!T5:T1004,'Trade Log'!G5:G1004,A87),"—"),"") | I87: =IF(A87<>"",IFERROR(AVERAGEIF('Trade Log'!G5:G1004,A87,'Trade Log'!W5:W1004),"—"),"") | J87: =IF(A87<>"",IFERROR(maxifs('Trade Log'!U5:U1004,'Trade Log'!G5:G1004,A87),"—"),"")
B88: =IF(A88<>"",COUNTIF('Trade Log'!G5:G1004,A88),"") | C88: =IF(A88<>"",IFERROR(SUMIF('Trade Log'!G5:G1004,A88,'Trade Log'!T5:T1004),"—"),"") | D88: =IF(A88<>"",IFERROR(COUNTIFS('Trade Log'!G5:G1004,A88,'Trade Log'!T5:T1004,">0")/COUNTIF('Trade Log'!G5:G1004,A88),"—"),"") | E88: =IF(A88<>"",IFERROR(AVERAGEIF('Trade Log'!G5:G1004,A88,'Trade Log'!T5:T1004),"—"),"") | F88: =IF(A88<>"",IFERROR(AVERAGEIF('Trade Log'!G5:G1004,A88,'Trade Log'!U5:U1004),"—"),"") | G88: =IF(A88<>"",IFERROR(maxifs('Trade Log'!T5:T1004,'Trade Log'!G5:G1004,A88),"—"),"") | H88: =IF(A88<>"",IFERROR(minifs('Trade Log'!T5:T1004,'Trade Log'!G5:G1004,A88),"—"),"") | I88: =IF(A88<>"",IFERROR(AVERAGEIF('Trade Log'!G5:G1004,A88,'Trade Log'!W5:W1004),"—"),"") | J88: =IF(A88<>"",IFERROR(maxifs('Trade Log'!U5:U1004,'Trade Log'!G5:G1004,A88),"—"),"")
B89: =IF(A89<>"",COUNTIF('Trade Log'!G5:G1004,A89),"") | C89: =IF(A89<>"",IFERROR(SUMIF('Trade Log'!G5:G1004,A89,'Trade Log'!T5:T1004),"—"),"") | D89: =IF(A89<>"",IFERROR(COUNTIFS('Trade Log'!G5:G1004,A89,'Trade Log'!T5:T1004,">0")/COUNTIF('Trade Log'!G5:G1004,A89),"—"),"") | E89: =IF(A89<>"",IFERROR(AVERAGEIF('Trade Log'!G5:G1004,A89,'Trade Log'!T5:T1004),"—"),"") | F89: =IF(A89<>"",IFERROR(AVERAGEIF('Trade Log'!G5:G1004,A89,'Trade Log'!U5:U1004),"—"),"") | G89: =IF(A89<>"",IFERROR(maxifs('Trade Log'!T5:T1004,'Trade Log'!G5:G1004,A89),"—"),"") | H89: =IF(A89<>"",IFERROR(minifs('Trade Log'!T5:T1004,'Trade Log'!G5:G1004,A89),"—"),"") | I89: =IF(A89<>"",IFERROR(AVERAGEIF('Trade Log'!G5:G1004,A89,'Trade Log'!W5:W1004),"—"),"") | J89: =IF(A89<>"",IFERROR(maxifs('Trade Log'!U5:U1004,'Trade Log'!G5:G1004,A89),"—"),"")
B90: =IF(A90<>"",COUNTIF('Trade Log'!G5:G1004,A90),"") | C90: =IF(A90<>"",IFERROR(SUMIF('Trade Log'!G5:G1004,A90,'Trade Log'!T5:T1004),"—"),"") | D90: =IF(A90<>"",IFERROR(COUNTIFS('Trade Log'!G5:G1004,A90,'Trade Log'!T5:T1004,">0")/COUNTIF('Trade Log'!G5:G1004,A90),"—"),"") | E90: =IF(A90<>"",IFERROR(AVERAGEIF('Trade Log'!G5:G1004,A90,'Trade Log'!T5:T1004),"—"),"") | F90: =IF(A90<>"",IFERROR(AVERAGEIF('Trade Log'!G5:G1004,A90,'Trade Log'!U5:U1004),"—"),"") | G90: =IF(A90<>"",IFERROR(maxifs('Trade Log'!T5:T1004,'Trade Log'!G5:G1004,A90),"—"),"") | H90: =IF(A90<>"",IFERROR(minifs('Trade Log'!T5:T1004,'Trade Log'!G5:G1004,A90),"—"),"") | I90: =IF(A90<>"",IFERROR(AVERAGEIF('Trade Log'!G5:G1004,A90,'Trade Log'!W5:W1004),"—"),"") | J90: =IF(A90<>"",IFERROR(maxifs('Trade Log'!U5:U1004,'Trade Log'!G5:G1004,A90),"—"),"")
B91: =IF(A91<>"",COUNTIF('Trade Log'!G5:G1004,A91),"") | C91: =IF(A91<>"",IFERROR(SUMIF('Trade Log'!G5:G1004,A91,'Trade Log'!T5:T1004),"—"),"") | D91: =IF(A91<>"",IFERROR(COUNTIFS('Trade Log'!G5:G1004,A91,'Trade Log'!T5:T1004,">0")/COUNTIF('Trade Log'!G5:G1004,A91),"—"),"") | E91: =IF(A91<>"",IFERROR(AVERAGEIF('Trade Log'!G5:G1004,A91,'Trade Log'!T5:T1004),"—"),"") | F91: =IF(A91<>"",IFERROR(AVERAGEIF('Trade Log'!G5:G1004,A91,'Trade Log'!U5:U1004),"—"),"") | G91: =IF(A91<>"",IFERROR(maxifs('Trade Log'!T5:T1004,'Trade Log'!G5:G1004,A91),"—"),"") | H91: =IF(A91<>"",IFERROR(minifs('Trade Log'!T5:T1004,'Trade Log'!G5:G1004,A91),"—"),"") | I91: =IF(A91<>"",IFERROR(AVERAGEIF('Trade Log'!G5:G1004,A91,'Trade Log'!W5:W1004),"—"),"") | J91: =IF(A91<>"",IFERROR(maxifs('Trade Log'!U5:U1004,'Trade Log'!G5:G1004,A91),"—"),"")
B92: =IF(A92<>"",COUNTIF('Trade Log'!G5:G1004,A92),"") | C92: =IF(A92<>"",IFERROR(SUMIF('Trade Log'!G5:G1004,A92,'Trade Log'!T5:T1004),"—"),"") | D92: =IF(A92<>"",IFERROR(COUNTIFS('Trade Log'!G5:G1004,A92,'Trade Log'!T5:T1004,">0")/COUNTIF('Trade Log'!G5:G1004,A92),"—"),"") | E92: =IF(A92<>"",IFERROR(AVERAGEIF('Trade Log'!G5:G1004,A92,'Trade Log'!T5:T1004),"—"),"") | F92: =IF(A92<>"",IFERROR(AVERAGEIF('Trade Log'!G5:G1004,A92,'Trade Log'!U5:U1004),"—"),"") | G92: =IF(A92<>"",IFERROR(maxifs('Trade Log'!T5:T1004,'Trade Log'!G5:G1004,A92),"—"),"") | H92: =IF(A92<>"",IFERROR(minifs('Trade Log'!T5:T1004,'Trade Log'!G5:G1004,A92),"—"),"") | I92: =IF(A92<>"",IFERROR(AVERAGEIF('Trade Log'!G5:G1004,A92,'Trade Log'!W5:W1004),"—"),"") | J92: =IF(A92<>"",IFERROR(maxifs('Trade Log'!U5:U1004,'Trade Log'!G5:G1004,A92),"—"),"")
B93: =IF(A93<>"",COUNTIF('Trade Log'!G5:G1004,A93),"") | C93: =IF(A93<>"",IFERROR(SUMIF('Trade Log'!G5:G1004,A93,'Trade Log'!T5:T1004),"—"),"") | D93: =IF(A93<>"",IFERROR(COUNTIFS('Trade Log'!G5:G1004,A93,'Trade Log'!T5:T1004,">0")/COUNTIF('Trade Log'!G5:G1004,A93),"—"),"") | E93: =IF(A93<>"",IFERROR(AVERAGEIF('Trade Log'!G5:G1004,A93,'Trade Log'!T5:T1004),"—"),"") | F93: =IF(A93<>"",IFERROR(AVERAGEIF('Trade Log'!G5:G1004,A93,'Trade Log'!U5:U1004),"—"),"") | G93: =IF(A93<>"",IFERROR(maxifs('Trade Log'!T5:T1004,'Trade Log'!G5:G1004,A93),"—"),"") | H93: =IF(A93<>"",IFERROR(minifs('Trade Log'!T5:T1004,'Trade Log'!G5:G1004,A93),"—"),"") | I93: =IF(A93<>"",IFERROR(AVERAGEIF('Trade Log'!G5:G1004,A93,'Trade Log'!W5:W1004),"—"),"") | J93: =IF(A93<>"",IFERROR(maxifs('Trade Log'!U5:U1004,'Trade Log'!G5:G1004,A93),"—"),"")
B94: =IF(A94<>"",COUNTIF('Trade Log'!G5:G1004,A94),"") | C94: =IF(A94<>"",IFERROR(SUMIF('Trade Log'!G5:G1004,A94,'Trade Log'!T5:T1004),"—"),"") | D94: =IF(A94<>"",IFERROR(COUNTIFS('Trade Log'!G5:G1004,A94,'Trade Log'!T5:T1004,">0")/COUNTIF('Trade Log'!G5:G1004,A94),"—"),"") | E94: =IF(A94<>"",IFERROR(AVERAGEIF('Trade Log'!G5:G1004,A94,'Trade Log'!T5:T1004),"—"),"") | F94: =IF(A94<>"",IFERROR(AVERAGEIF('Trade Log'!G5:G1004,A94,'Trade Log'!U5:U1004),"—"),"") | G94: =IF(A94<>"",IFERROR(maxifs('Trade Log'!T5:T1004,'Trade Log'!G5:G1004,A94),"—"),"") | H94: =IF(A94<>"",IFERROR(minifs('Trade Log'!T5:T1004,'Trade Log'!G5:G1004,A94),"—"),"") | I94: =IF(A94<>"",IFERROR(AVERAGEIF('Trade Log'!G5:G1004,A94,'Trade Log'!W5:W1004),"—"),"") | J94: =IF(A94<>"",IFERROR(maxifs('Trade Log'!U5:U1004,'Trade Log'!G5:G1004,A94),"—"),"")
B95: =IF(A95<>"",COUNTIF('Trade Log'!G5:G1004,A95),"") | C95: =IF(A95<>"",IFERROR(SUMIF('Trade Log'!G5:G1004,A95,'Trade Log'!T5:T1004),"—"),"") | D95: =IF(A95<>"",IFERROR(COUNTIFS('Trade Log'!G5:G1004,A95,'Trade Log'!T5:T1004,">0")/COUNTIF('Trade Log'!G5:G1004,A95),"—"),"") | E95: =IF(A95<>"",IFERROR(AVERAGEIF('Trade Log'!G5:G1004,A95,'Trade Log'!T5:T1004),"—"),"") | F95: =IF(A95<>"",IFERROR(AVERAGEIF('Trade Log'!G5:G1004,A95,'Trade Log'!U5:U1004),"—"),"") | G95: =IF(A95<>"",IFERROR(maxifs('Trade Log'!T5:T1004,'Trade Log'!G5:G1004,A95),"—"),"") | H95: =IF(A95<>"",IFERROR(minifs('Trade Log'!T5:T1004,'Trade Log'!G5:G1004,A95),"—"),"") | I95: =IF(A95<>"",IFERROR(AVERAGEIF('Trade Log'!G5:G1004,A95,'Trade Log'!W5:W1004),"—"),"") | J95: =IF(A95<>"",IFERROR(maxifs('Trade Log'!U5:U1004,'Trade Log'!G5:G1004,A95),"—"),"")
B96: =IF(A96<>"",COUNTIF('Trade Log'!G5:G1004,A96),"") | C96: =IF(A96<>"",IFERROR(SUMIF('Trade Log'!G5:G1004,A96,'Trade Log'!T5:T1004),"—"),"") | D96: =IF(A96<>"",IFERROR(COUNTIFS('Trade Log'!G5:G1004,A96,'Trade Log'!T5:T1004,">0")/COUNTIF('Trade Log'!G5:G1004,A96),"—"),"") | E96: =IF(A96<>"",IFERROR(AVERAGEIF('Trade Log'!G5:G1004,A96,'Trade Log'!T5:T1004),"—"),"") | F96: =IF(A96<>"",IFERROR(AVERAGEIF('Trade Log'!G5:G1004,A96,'Trade Log'!U5:U1004),"—"),"") | G96: =IF(A96<>"",IFERROR(maxifs('Trade Log'!T5:T1004,'Trade Log'!G5:G1004,A96),"—"),"") | H96: =IF(A96<>"",IFERROR(minifs('Trade Log'!T5:T1004,'Trade Log'!G5:G1004,A96),"—"),"") | I96: =IF(A96<>"",IFERROR(AVERAGEIF('Trade Log'!G5:G1004,A96,'Trade Log'!W5:W1004),"—"),"") | J96: =IF(A96<>"",IFERROR(maxifs('Trade Log'!U5:U1004,'Trade Log'!G5:G1004,A96),"—"),"")
B97: =IF(A97<>"",COUNTIF('Trade Log'!G5:G1004,A97),"") | C97: =IF(A97<>"",IFERROR(SUMIF('Trade Log'!G5:G1004,A97,'Trade Log'!T5:T1004),"—"),"") | D97: =IF(A97<>"",IFERROR(COUNTIFS('Trade Log'!G5:G1004,A97,'Trade Log'!T5:T1004,">0")/COUNTIF('Trade Log'!G5:G1004,A97),"—"),"") | E97: =IF(A97<>"",IFERROR(AVERAGEIF('Trade Log'!G5:G1004,A97,'Trade Log'!T5:T1004),"—"),"") | F97: =IF(A97<>"",IFERROR(AVERAGEIF('Trade Log'!G5:G1004,A97,'Trade Log'!U5:U1004),"—"),"") | G97: =IF(A97<>"",IFERROR(maxifs('Trade Log'!T5:T1004,'Trade Log'!G5:G1004,A97),"—"),"") | H97: =IF(A97<>"",IFERROR(minifs('Trade Log'!T5:T1004,'Trade Log'!G5:G1004,A97),"—"),"") | I97: =IF(A97<>"",IFERROR(AVERAGEIF('Trade Log'!G5:G1004,A97,'Trade Log'!W5:W1004),"—"),"") | J97: =IF(A97<>"",IFERROR(maxifs('Trade Log'!U5:U1004,'Trade Log'!G5:G1004,A97),"—"),"")
B98: =IF(A98<>"",COUNTIF('Trade Log'!G5:G1004,A98),"") | C98: =IF(A98<>"",IFERROR(SUMIF('Trade Log'!G5:G1004,A98,'Trade Log'!T5:T1004),"—"),"") | D98: =IF(A98<>"",IFERROR(COUNTIFS('Trade Log'!G5:G1004,A98,'Trade Log'!T5:T1004,">0")/COUNTIF('Trade Log'!G5:G1004,A98),"—"),"") | E98: =IF(A98<>"",IFERROR(AVERAGEIF('Trade Log'!G5:G1004,A98,'Trade Log'!T5:T1004),"—"),"") | F98: =IF(A98<>"",IFERROR(AVERAGEIF('Trade Log'!G5:G1004,A98,'Trade Log'!U5:U1004),"—"),"") | G98: =IF(A98<>"",IFERROR(maxifs('Trade Log'!T5:T1004,'Trade Log'!G5:G1004,A98),"—"),"") | H98: =IF(A98<>"",IFERROR(minifs('Trade Log'!T5:T1004,'Trade Log'!G5:G1004,A98),"—"),"") | I98: =IF(A98<>"",IFERROR(AVERAGEIF('Trade Log'!G5:G1004,A98,'Trade Log'!W5:W1004),"—"),"") | J98: =IF(A98<>"",IFERROR(maxifs('Trade Log'!U5:U1004,'Trade Log'!G5:G1004,A98),"—"),"")
B99: =IF(A99<>"",COUNTIF('Trade Log'!G5:G1004,A99),"") | C99: =IF(A99<>"",IFERROR(SUMIF('Trade Log'!G5:G1004,A99,'Trade Log'!T5:T1004),"—"),"") | D99: =IF(A99<>"",IFERROR(COUNTIFS('Trade Log'!G5:G1004,A99,'Trade Log'!T5:T1004,">0")/COUNTIF('Trade Log'!G5:G1004,A99),"—"),"") | E99: =IF(A99<>"",IFERROR(AVERAGEIF('Trade Log'!G5:G1004,A99,'Trade Log'!T5:T1004),"—"),"") | F99: =IF(A99<>"",IFERROR(AVERAGEIF('Trade Log'!G5:G1004,A99,'Trade Log'!U5:U1004),"—"),"") | G99: =IF(A99<>"",IFERROR(maxifs('Trade Log'!T5:T1004,'Trade Log'!G5:G1004,A99),"—"),"") | H99: =IF(A99<>"",IFERROR(minifs('Trade Log'!T5:T1004,'Trade Log'!G5:G1004,A99),"—"),"") | I99: =IF(A99<>"",IFERROR(AVERAGEIF('Trade Log'!G5:G1004,A99,'Trade Log'!W5:W1004),"—"),"") | J99: =IF(A99<>"",IFERROR(maxifs('Trade Log'!U5:U1004,'Trade Log'!G5:G1004,A99),"—"),"")
B100: =IF(A100<>"",COUNTIF('Trade Log'!G5:G1004,A100),"") | C100: =IF(A100<>"",IFERROR(SUMIF('Trade Log'!G5:G1004,A100,'Trade Log'!T5:T1004),"—"),"") | D100: =IF(A100<>"",IFERROR(COUNTIFS('Trade Log'!G5:G1004,A100,'Trade Log'!T5:T1004,">0")/COUNTIF('Trade Log'!G5:G1004,A100),"—"),"") | E100: =IF(A100<>"",IFERROR(AVERAGEIF('Trade Log'!G5:G1004,A100,'Trade Log'!T5:T1004),"—"),"") | F100: =IF(A100<>"",IFERROR(AVERAGEIF('Trade Log'!G5:G1004,A100,'Trade Log'!U5:U1004),"—"),"") | G100: =IF(A100<>"",IFERROR(maxifs('Trade Log'!T5:T1004,'Trade Log'!G5:G1004,A100),"—"),"") | H100: =IF(A100<>"",IFERROR(minifs('Trade Log'!T5:T1004,'Trade Log'!G5:G1004,A100),"—"),"") | I100: =IF(A100<>"",IFERROR(AVERAGEIF('Trade Log'!G5:G1004,A100,'Trade Log'!W5:W1004),"—"),"") | J100: =IF(A100<>"",IFERROR(maxifs('Trade Log'!U5:U1004,'Trade Log'!G5:G1004,A100),"—"),"")
B101: =IF(A101<>"",COUNTIF('Trade Log'!G5:G1004,A101),"") | C101: =IF(A101<>"",IFERROR(SUMIF('Trade Log'!G5:G1004,A101,'Trade Log'!T5:T1004),"—"),"") | D101: =IF(A101<>"",IFERROR(COUNTIFS('Trade Log'!G5:G1004,A101,'Trade Log'!T5:T1004,">0")/COUNTIF('Trade Log'!G5:G1004,A101),"—"),"") | E101: =IF(A101<>"",IFERROR(AVERAGEIF('Trade Log'!G5:G1004,A101,'Trade Log'!T5:T1004),"—"),"") | F101: =IF(A101<>"",IFERROR(AVERAGEIF('Trade Log'!G5:G1004,A101,'Trade Log'!U5:U1004),"—"),"") | G101: =IF(A101<>"",IFERROR(maxifs('Trade Log'!T5:T1004,'Trade Log'!G5:G1004,A101),"—"),"") | H101: =IF(A101<>"",IFERROR(minifs('Trade Log'!T5:T1004,'Trade Log'!G5:G1004,A101),"—"),"") | I101: =IF(A101<>"",IFERROR(AVERAGEIF('Trade Log'!G5:G1004,A101,'Trade Log'!W5:W1004),"—"),"") | J101: =IF(A101<>"",IFERROR(maxifs('Trade Log'!U5:U1004,'Trade Log'!G5:G1004,A101),"—"),"")
B102: =IF(A102<>"",COUNTIF('Trade Log'!G5:G1004,A102),"") | C102: =IF(A102<>"",IFERROR(SUMIF('Trade Log'!G5:G1004,A102,'Trade Log'!T5:T1004),"—"),"") | D102: =IF(A102<>"",IFERROR(COUNTIFS('Trade Log'!G5:G1004,A102,'Trade Log'!T5:T1004,">0")/COUNTIF('Trade Log'!G5:G1004,A102),"—"),"") | E102: =IF(A102<>"",IFERROR(AVERAGEIF('Trade Log'!G5:G1004,A102,'Trade Log'!T5:T1004),"—"),"") | F102: =IF(A102<>"",IFERROR(AVERAGEIF('Trade Log'!G5:G1004,A102,'Trade Log'!U5:U1004),"—"),"") | G102: =IF(A102<>"",IFERROR(maxifs('Trade Log'!T5:T1004,'Trade Log'!G5:G1004,A102),"—"),"") | H102: =IF(A102<>"",IFERROR(minifs('Trade Log'!T5:T1004,'Trade Log'!G5:G1004,A102),"—"),"") | I102: =IF(A102<>"",IFERROR(AVERAGEIF('Trade Log'!G5:G1004,A102,'Trade Log'!W5:W1004),"—"),"") | J102: =IF(A102<>"",IFERROR(maxifs('Trade Log'!U5:U1004,'Trade Log'!G5:G1004,A102),"—"),"")
B103: =IF(A103<>"",COUNTIF('Trade Log'!G5:G1004,A103),"") | C103: =IF(A103<>"",IFERROR(SUMIF('Trade Log'!G5:G1004,A103,'Trade Log'!T5:T1004),"—"),"") | D103: =IF(A103<>"",IFERROR(COUNTIFS('Trade Log'!G5:G1004,A103,'Trade Log'!T5:T1004,">0")/COUNTIF('Trade Log'!G5:G1004,A103),"—"),"") | E103: =IF(A103<>"",IFERROR(AVERAGEIF('Trade Log'!G5:G1004,A103,'Trade Log'!T5:T1004),"—"),"") | F103: =IF(A103<>"",IFERROR(AVERAGEIF('Trade Log'!G5:G1004,A103,'Trade Log'!U5:U1004),"—"),"") | G103: =IF(A103<>"",IFERROR(maxifs('Trade Log'!T5:T1004,'Trade Log'!G5:G1004,A103),"—"),"") | H103: =IF(A103<>"",IFERROR(minifs('Trade Log'!T5:T1004,'Trade Log'!G5:G1004,A103),"—"),"") | I103: =IF(A103<>"",IFERROR(AVERAGEIF('Trade Log'!G5:G1004,A103,'Trade Log'!W5:W1004),"—"),"") | J103: =IF(A103<>"",IFERROR(maxifs('Trade Log'!U5:U1004,'Trade Log'!G5:G1004,A103),"—"),"")
B104: =IF(A104<>"",COUNTIF('Trade Log'!G5:G1004,A104),"") | C104: =IF(A104<>"",IFERROR(SUMIF('Trade Log'!G5:G1004,A104,'Trade Log'!T5:T1004),"—"),"") | D104: =IF(A104<>"",IFERROR(COUNTIFS('Trade Log'!G5:G1004,A104,'Trade Log'!T5:T1004,">0")/COUNTIF('Trade Log'!G5:G1004,A104),"—"),"") | E104: =IF(A104<>"",IFERROR(AVERAGEIF('Trade Log'!G5:G1004,A104,'Trade Log'!T5:T1004),"—"),"") | F104: =IF(A104<>"",IFERROR(AVERAGEIF('Trade Log'!G5:G1004,A104,'Trade Log'!U5:U1004),"—"),"") | G104: =IF(A104<>"",IFERROR(maxifs('Trade Log'!T5:T1004,'Trade Log'!G5:G1004,A104),"—"),"") | H104: =IF(A104<>"",IFERROR(minifs('Trade Log'!T5:T1004,'Trade Log'!G5:G1004,A104),"—"),"") | I104: =IF(A104<>"",IFERROR(AVERAGEIF('Trade Log'!G5:G1004,A104,'Trade Log'!W5:W1004),"—"),"") | J104: =IF(A104<>"",IFERROR(maxifs('Trade Log'!U5:U1004,'Trade Log'!G5:G1004,A104),"—"),"")
B105: =IF(A105<>"",COUNTIF('Trade Log'!G5:G1004,A105),"") | C105: =IF(A105<>"",IFERROR(SUMIF('Trade Log'!G5:G1004,A105,'Trade Log'!T5:T1004),"—"),"") | D105: =IF(A105<>"",IFERROR(COUNTIFS('Trade Log'!G5:G1004,A105,'Trade Log'!T5:T1004,">0")/COUNTIF('Trade Log'!G5:G1004,A105),"—"),"") | E105: =IF(A105<>"",IFERROR(AVERAGEIF('Trade Log'!G5:G1004,A105,'Trade Log'!T5:T1004),"—"),"") | F105: =IF(A105<>"",IFERROR(AVERAGEIF('Trade Log'!G5:G1004,A105,'Trade Log'!U5:U1004),"—"),"") | G105: =IF(A105<>"",IFERROR(maxifs('Trade Log'!T5:T1004,'Trade Log'!G5:G1004,A105),"—"),"") | H105: =IF(A105<>"",IFERROR(minifs('Trade Log'!T5:T1004,'Trade Log'!G5:G1004,A105),"—"),"") | I105: =IF(A105<>"",IFERROR(AVERAGEIF('Trade Log'!G5:G1004,A105,'Trade Log'!W5:W1004),"—"),"") | J105: =IF(A105<>"",IFERROR(maxifs('Trade Log'!U5:U1004,'Trade Log'!G5:G1004,A105),"—"),"")
...

Sheet Monthly Calendar
A1: 📅 MONTHLY PERFORMANCE CALENDAR | I1: MONTHLY SUMMARY
A2: Month → | C2: May | D2: Year → | E2: 2026 | F2: =IFERROR(TEXT(DATE($E$2,MATCH($C$2,{"January","February","March","April","May","June","July","August","September","October","November","December"},0),1),"MMMM YYYY"),"—") -> May 2026
A3: SUN | B3: MON | C3: TUE | D3: WED | E3: THU | F3: FRI | G3: SAT | I3: Month P&L
A4: =IF(MONTH(DATE($E$2,MATCH($C$2,{"January","February","March","April","May","June","July","August","September","October","November","December"},0),1)-WEEKDAY(DATE($E$2,MATCH($C$2,{"January","February","March","April","May","June","July","August","September","October","November","December"},0),1),1)+1+0)=MATCH($C$2,{"January","February","March","April","May","June","July","August","September","October","November","December"},0),DAY(DATE($E$2,MATCH($C$2,{"January","February","March","April","May","June","July","August","September","October","November","December"},0),1)-WEEKDAY(DATE($E$2,MATCH($C$2,{"January","February","March","April","May","June","July","August","September","October","November","December"},0),1),1)+1+0),"") | B4: =IF(MONTH(DATE($E$2,MATCH($C$2,{"January","February","March","April","May","June","July","August","September","October","November","December"},0),1)-WEEKDAY(DATE($E$2,MATCH($C$2,{"January","February","March","April","May","June","July","August","September","October","November","December"},0),1),1)+1+1)=MATCH($C$2,{"January","February","March","April","May","June","July","August","September","October","November","December"},0),DAY(DATE($E$2,MATCH($C$2,{"January","February","March","April","May","June","July","August","September","October","November","December"},0),1)-WEEKDAY(DATE($E$2,MATCH($C$2,{"January","February","March","April","May","June","July","August","September","October","November","December"},0),1),1)+1+1),"") | C4: =IF(MONTH(DATE($E$2,MATCH($C$2,{"January","February","March","April","May","June","July","August","September","October","November","December"},0),1)-WEEKDAY(DATE($E$2,MATCH($C$2,{"January","February","March","April","May","June","July","August","September","October","November","December"},0),1),1)+1+2)=MATCH($C$2,{"January","February","March","April","May","June","July","August","September","October","November","December"},0),DAY(DATE($E$2,MATCH($C$2,{"January","February","March","April","May","June","July","August","September","October","November","December"},0),1)-WEEKDAY(DATE($E$2,MATCH($C$2,{"January","February","March","April","May","June","July","August","September","October","November","December"},0),1),1)+1+2),"") | D4: =IF(MONTH(DATE($E$2,MATCH($C$2,{"January","February","March","April","May","June","July","August","September","October","November","December"},0),1)-WEEKDAY(DATE($E$2,MATCH($C$2,{"January","February","March","April","May","June","July","August","September","October","November","December"},0),1),1)+1+3)=MATCH($C$2,{"January","February","March","April","May","June","July","August","September","October","November","December"},0),DAY(DATE($E$2,MATCH($C$2,{"January","February","March","April","May","June","July","August","September","October","November","December"},0),1)-WEEKDAY(DATE($E$2,MATCH($C$2,{"January","February","March","April","May","June","July","August","September","October","November","December"},0),1),1)+1+3),"") | E4: =IF(MONTH(DATE($E$2,MATCH($C$2,{"January","February","March","April","May","June","July","August","September","October","November","December"},0),1)-WEEKDAY(DATE($E$2,MATCH($C$2,{"January","February","March","April","May","June","July","August","September","October","November","December"},0),1),1)+1+4)=MATCH($C$2,{"January","February","March","April","May","June","July","August","September","October","November","December"},0),DAY(DATE($E$2,MATCH($C$2,{"January","February","March","April","May","June","July","August","September","October","November","December"},0),1)-WEEKDAY(DATE($E$2,MATCH($C$2,{"January","February","March","April","May","June","July","August","September","October","November","December"},0),1),1)+1+4),"") | F4: =IF(MONTH(DATE($E$2,MATCH($C$2,{"January","February","March","April","May","June","July","August","September","October","November","December"},0),1)-WEEKDAY(DATE($E$2,MATCH($C$2,{"January","February","March","April","May","June","July","August","September","October","November","December"},0),1),1)+1+5)=MATCH($C$2,{"January","February","March","April","May","June","July","August","September","October","November","December"},0),DAY(DATE($E$2,MATCH($C$2,{"January","February","March","April","May","June","July","August","September","October","November","December"},0),1)-WEEKDAY(DATE($E$2,MATCH($C$2,{"January","February","March","April","May","June","July","August","September","October","November","December"},0),1),1)+1+5),"") -> 1 | G4: =IF(MONTH(DATE($E$2,MATCH($C$2,{"January","February","March","April","May","June","July","August","September","October","November","December"},0),1)-WEEKDAY(DATE($E$2,MATCH($C$2,{"January","February","March","April","May","June","July","August","September","October","November","December"},0),1),1)+1+6)=MATCH($C$2,{"January","February","March","April","May","June","July","August","September","October","November","December"},0),DAY(DATE($E$2,MATCH($C$2,{"January","February","March","April","May","June","July","August","September","October","November","December"},0),1)-WEEKDAY(DATE($E$2,MATCH($C$2,{"January","February","March","April","May","June","July","August","September","October","November","December"},0),1),1)+1+6),"") -> 2 | I4: =IFERROR(SUMPRODUCT(('Trade Log'!$T$5:$T$1004)*(MONTH('Trade Log'!$E$5:$E$1004)=MATCH($C$2,{"January","February","March","April","May","June","July","August","September","October","November","December"},0))*(YEAR('Trade Log'!$E$5:$E$1004)=$E$2)),"—") -> —
A5: =IF(MONTH(DATE($E$2,MATCH($C$2,{"January","February","March","April","May","June","July","August","September","October","November","December"},0),1)-WEEKDAY(DATE($E$2,MATCH($C$2,{"January","February","March","April","May","June","July","August","September","October","November","December"},0),1),1)+1+0)=MATCH($C$2,{"January","February","March","April","May","June","July","August","September","October","November","December"},0),IFERROR(IF(SUMIFS('Trade Log'!$T$5:$T$1004,'Trade Log'!$E$5:$E$1004,DATE($E$2,MATCH($C$2,{"January","February","March","April","May","June","July","August","September","October","November","December"},0),1)-WEEKDAY(DATE($E$2,MATCH($C$2,{"January","February","March","April","May","June","July","August","September","October","November","December"},0),1),1)+1+0)=0,"",SUMIFS('Trade Log'!$T$5:$T$1004,'Trade Log'!$E$5:$E$1004,DATE($E$2,MATCH($C$2,{"January","February","March","April","May","June","July","August","September","October","November","December"},0),1)-WEEKDAY(DATE($E$2,MATCH($C$2,{"January","February","March","April","May","June","July","August","September","October","November","December"},0),1),1)+1+0)),""),"") | B5: =IF(MONTH(DATE($E$2,MATCH($C$2,{"January","February","March","April","May","June","July","August","September","October","November","December"},0),1)-WEEKDAY(DATE($E$2,MATCH($C$2,{"January","February","March","April","May","June","July","August","September","October","November","December"},0),1),1)+1+1)=MATCH($C$2,{"January","February","March","April","May","June","July","August","September","October","November","December"},0),IFERROR(IF(SUMIFS('Trade Log'!$T$5:$T$1004,'Trade Log'!$E$5:$E$1004,DATE($E$2,MATCH($C$2,{"January","February","March","April","May","June","July","August","September","October","November","December"},0),1)-WEEKDAY(DATE($E$2,MATCH($C$2,{"January","February","March","April","May","June","July","August","September","October","November","December"},0),1),1)+1+1)=0,"",SUMIFS('Trade Log'!$T$5:$T$1004,'Trade Log'!$E$5:$E$1004,DATE($E$2,MATCH($C$2,{"January","February","March","April","May","June","July","August","September","October","November","December"},0),1)-WEEKDAY(DATE($E$2,MATCH($C$2,{"January","February","March","April","May","June","July","August","September","October","November","December"},0),1),1)+1+1)),""),"") | C5: =IF(MONTH(DATE($E$2,MATCH($C$2,{"January","February","March","April","May","June","July","August","September","October","November","December"},0),1)-WEEKDAY(DATE($E$2,MATCH($C$2,{"January","February","March","April","May","June","July","August","September","October","November","December"},0),1),1)+1+2)=MATCH($C$2,{"January","February","March","April","May","June","July","August","September","October","November","December"},0),IFERROR(IF(SUMIFS('Trade Log'!$T$5:$T$1004,'Trade Log'!$E$5:$E$1004,DATE($E$2,MATCH($C$2,{"January","February","March","April","May","June","July","August","September","October","November","December"},0),1)-WEEKDAY(DATE($E$2,MATCH($C$2,{"January","February","March","April","May","June","July","August","September","October","November","December"},0),1),1)+1+2)=0,"",SUMIFS('Trade Log'!$T$5:$T$1004,'Trade Log'!$E$5:$E$1004,DATE($E$2,MATCH($C$2,{"January","February","March","April","May","June","July","August","September","October","November","December"},0),1)-WEEKDAY(DATE($E$2,MATCH($C$2,{"January","February","March","April","May","June","July","August","September","October","November","December"},0),1),1)+1+2)),""),"") | D5: =IF(MONTH(DATE($E$2,MATCH($C$2,{"January","February","March","April","May","June","July","August","September","October","November","December"},0),1)-WEEKDAY(DATE($E$2,MATCH($C$2,{"January","February","March","April","May","June","July","August","September","October","November","December"},0),1),1)+1+3)=MATCH($C$2,{"January","February","March","April","May","June","July","August","September","October","November","December"},0),IFERROR(IF(SUMIFS('Trade Log'!$T$5:$T$1004,'Trade Log'!$E$5:$E$1004,DATE($E$2,MATCH($C$2,{"January","February","March","April","May","June","July","August","September","October","November","December"},0),1)-WEEKDAY(DATE($E$2,MATCH($C$2,{"January","February","March","April","May","June","July","August","September","October","November","December"},0),1),1)+1+3)=0,"",SUMIFS('Trade Log'!$T$5:$T$1004,'Trade Log'!$E$5:$E$1004,DATE($E$2,MATCH($C$2,{"January","February","March","April","May","June","July","August","September","October","November","December"},0),1)-WEEKDAY(DATE($E$2,MATCH($C$2,{"January","February","March","April","May","June","July","August","September","October","November","December"},0),1),1)+1+3)),""),"") | E5: =IF(MONTH(DATE($E$2,MATCH($C$2,{"January","February","March","April","May","June","July","August","September","October","November","December"},0),1)-WEEKDAY(DATE($E$2,MATCH($C$2,{"January","February","March","April","May","June","July","August","September","October","November","December"},0),1),1)+1+4)=MATCH($C$2,{"January","February","March","April","May","June","July","August","September","October","November","December"},0),IFERROR(IF(SUMIFS('Trade Log'!$T$5:$T$1004,'Trade Log'!$E$5:$E$1004,DATE($E$2,MATCH($C$2,{"January","February","March","April","May","June","July","August","September","October","November","December"},0),1)-WEEKDAY(DATE($E$2,MATCH($C$2,{"January","February","March","April","May","June","July","August","September","October","November","December"},0),1),1)+1+4)=0,"",SUMIFS('Trade Log'!$T$5:$T$1004,'Trade Log'!$E$5:$E$1004,DATE($E$2,MATCH($C$2,{"January","February","March","April","May","June","July","August","September","October","November","December"},0),1)-WEEKDAY(DATE($E$2,MATCH($C$2,{"January","February","March","April","May","June","July","August","September","October","November","December"},0),1),1)+1+4)),""),"") | F5: =IF(MONTH(DATE($E$2,MATCH($C$2,{"January","February","March","April","May","June","July","August","September","October","November","December"},0),1)-WEEKDAY(DATE($E$2,MATCH($C$2,{"January","February","March","April","May","June","July","August","September","October","November","December"},0),1),1)+1+5)=MATCH($C$2,{"January","February","March","April","May","June","July","August","September","October","November","December"},0),IFERROR(IF(SUMIFS('Trade Log'!$T$5:$T$1004,'Trade Log'!$E$5:$E$1004,DATE($E$2,MATCH($C$2,{"January","February","March","April","May","June","July","August","September","October","November","December"},0),1)-WEEKDAY(DATE($E$2,MATCH($C$2,{"January","February","March","April","May","June","July","August","September","October","November","December"},0),1),1)+1+5)=0,"",SUMIFS('Trade Log'!$T$5:$T$1004,'Trade Log'!$E$5:$E$1004,DATE($E$2,MATCH($C$2,{"January","February","March","April","May","June","July","August","September","October","November","December"},0),1)-WEEKDAY(DATE($E$2,MATCH($C$2,{"January","February","March","April","May","June","July","August","September","October","November","December"},0),1),1)+1+5)),""),"") | G5: =IF(MONTH(DATE($E$2,MATCH($C$2,{"January","February","March","April","May","June","July","August","September","October","November","December"},0),1)-WEEKDAY(DATE($E$2,MATCH($C$2,{"January","February","March","April","May","June","July","August","September","October","November","December"},0),1),1)+1+6)=MATCH($C$2,{"January","February","March","April","May","June","July","August","September","October","November","December"},0),IFERROR(IF(SUMIFS('Trade Log'!$T$5:$T$1004,'Trade Log'!$E$5:$E$1004,DATE($E$2,MATCH($C$2,{"January","February","March","April","May","June","July","August","September","October","November","December"},0),1)-WEEKDAY(DATE($E$2,MATCH($C$2,{"January","February","March","April","May","June","July","August","September","October","November","December"},0),1),1)+1+6)=0,"",SUMIFS('Trade Log'!$T$5:$T$1004,'Trade Log'!$E$5:$E$1004,DATE($E$2,MATCH($C$2,{"January","February","March","April","May","June","July","August","September","October","November","December"},0),1)-WEEKDAY(DATE($E$2,MATCH($C$2,{"January","February","March","April","May","June","July","August","September","October","November","December"},0),1),1)+1+6)),""),"") | I5: Winning Days
A6: =IF(MONTH(DATE($E$2,MATCH($C$2,{"January","February","March","April","May","June","July","August","September","October","November","December"},0),1)-WEEKDAY(DATE($E$2,MATCH($C$2,{"January","February","March","April","May","June","July","August","September","October","November","December"},0),1),1)+1+0)=MATCH($C$2,{"January","February","March","April","May","June","July","August","September","October","November","December"},0),IFERROR(IF(COUNTIFS('Trade Log'!$E$5:$E$1004,DATE($E$2,MATCH($C$2,{"January","February","March","April","May","June","July","August","September","October","November","December"},0),1)-WEEKDAY(DATE($E$2,MATCH($C$2,{"January","February","March","April","May","June","July","August","September","October","November","December"},0),1),1)+1+0)=0,"",COUNTIFS('Trade Log'!$E$5:$E$1004,DATE($E$2,MATCH($C$2,{"January","February","March","April","May","June","July","August","September","October","November","December"},0),1)-WEEKDAY(DATE($E$2,MATCH($C$2,{"January","February","March","April","May","June","July","August","September","October","November","December"},0),1),1)+1+0)&" trade(s)"),""),"") | B6: =IF(MONTH(DATE($E$2,MATCH($C$2,{"January","February","March","April","May","June","July","August","September","October","November","December"},0),1)-WEEKDAY(DATE($E$2,MATCH($C$2,{"January","February","March","April","May","June","July","August","September","October","November","December"},0),1),1)+1+1)=MATCH($C$2,{"January","February","March","April","May","June","July","August","September","October","November","December"},0),IFERROR(IF(COUNTIFS('Trade Log'!$E$5:$E$1004,DATE($E$2,MATCH($C$2,{"January","February","March","April","May","June","July","August","September","October","November","December"},0),1)-WEEKDAY(DATE($E$2,MATCH($C$2,{"January","February","March","April","May","June","July","August","September","October","November","December"},0),1),1)+1+1)=0,"",COUNTIFS('Trade Log'!$E$5:$E$1004,DATE($E$2,MATCH($C$2,{"January","February","March","April","May","June","July","August","September","October","November","December"},0),1)-WEEKDAY(DATE($E$2,MATCH($C$2,{"January","February","March","April","May","June","July","August","September","October","November","December"},0),1),1)+1+1)&" trade(s)"),""),"") | C6: =IF(MONTH(DATE($E$2,MATCH($C$2,{"January","February","March","April","May","June","July","August","September","October","November","December"},0),1)-WEEKDAY(DATE($E$2,MATCH($C$2,{"January","February","March","April","May","June","July","August","September","October","November","December"},0),1),1)+1+2)=MATCH($C$2,{"January","February","March","April","May","June","July","August","September","October","November","December"},0),IFERROR(IF(COUNTIFS('Trade Log'!$E$5:$E$1004,DATE($E$2,MATCH($C$2,{"January","February","March","April","May","June","July","August","September","October","November","December"},0),1)-WEEKDAY(DATE($E$2,MATCH($C$2,{"January","February","March","April","May","June","July","August","September","October","November","December"},0),1),1)+1+2)=0,"",COUNTIFS('Trade Log'!$E$5:$E$1004,DATE($E$2,MATCH($C$2,{"January","February","March","April","May","June","July","August","September","October","November","December"},0),1)-WEEKDAY(DATE($E$2,MATCH($C$2,{"January","February","March","April","May","June","July","August","September","October","November","December"},0),1),1)+1+2)&" trade(s)"),""),"") | D6: =IF(MONTH(DATE($E$2,MATCH($C$2,{"January","February","March","April","May","June","July","August","September","October","November","December"},0),1)-WEEKDAY(DATE($E$2,MATCH($C$2,{"January","February","March","April","May","June","July","August","September","October","November","December"},0),1),1)+1+3)=MATCH($C$2,{"January","February","March","April","May","June","July","August","September","October","November","December"},0),IFERROR(IF(COUNTIFS('Trade Log'!$E$5:$E$1004,DATE($E$2,MATCH($C$2,{"January","February","March","April","May","June","July","August","September","October","November","December"},0),1)-WEEKDAY(DATE($E$2,MATCH($C$2,{"January","February","March","April","May","June","July","August","September","October","November","December"},0),1),1)+1+3)=0,"",COUNTIFS('Trade Log'!$E$5:$E$1004,DATE($E$2,MATCH($C$2,{"January","February","March","April","May","June","July","August","September","October","November","December"},0),1)-WEEKDAY(DATE($E$2,MATCH($C$2,{"January","February","March","April","May","June","July","August","September","October","November","December"},0),1),1)+1+3)&" trade(s)"),""),"") | E6: =IF(MONTH(DATE($E$2,MATCH($C$2,{"January","February","March","April","May","June","July","August","September","October","November","December"},0),1)-WEEKDAY(DATE($E$2,MATCH($C$2,{"January","February","March","April","May","June","July","August","September","October","November","December"},0),1),1)+1+4)=MATCH($C$2,{"January","February","March","April","May","June","July","August","September","October","November","December"},0),IFERROR(IF(COUNTIFS('Trade Log'!$E$5:$E$1004,DATE($E$2,MATCH($C$2,{"January","February","March","April","May","June","July","August","September","October","November","December"},0),1)-WEEKDAY(DATE($E$2,MATCH($C$2,{"January","February","March","April","May","June","July","August","September","October","November","December"},0),1),1)+1+4)=0,"",COUNTIFS('Trade Log'!$E$5:$E$1004,DATE($E$2,MATCH($C$2,{"January","February","March","April","May","June","July","August","September","October","November","December"},0),1)-WEEKDAY(DATE($E$2,MATCH($C$2,{"January","February","March","April","May","June","July","August","September","October","November","December"},0),1),1)+1+4)&" trade(s)"),""),"") | F6: =IF(MONTH(DATE($E$2,MATCH($C$2,{"January","February","March","April","May","June","July","August","September","October","November","December"},0),1)-WEEKDAY(DATE($E$2,MATCH($C$2,{"January","February","March","April","May","June","July","August","September","October","November","December"},0),1),1)+1+5)=MATCH($C$2,{"January","February","March","April","May","June","July","August","September","October","November","December"},0),IFERROR(IF(COUNTIFS('Trade Log'!$E$5:$E$1004,DATE($E$2,MATCH($C$2,{"January","February","March","April","May","June","July","August","September","October","November","December"},0),1)-WEEKDAY(DATE($E$2,MATCH($C$2,{"January","February","March","April","May","June","July","August","September","October","November","December"},0),1),1)+1+5)=0,"",COUNTIFS('Trade Log'!$E$5:$E$1004,DATE($E$2,MATCH($C$2,{"January","February","March","April","May","June","July","August","September","October","November","December"},0),1)-WEEKDAY(DATE($E$2,MATCH($C$2,{"January","February","March","April","May","June","July","August","September","October","November","December"},0),1),1)+1+5)&" trade(s)"),""),"") | G6: =IF(MONTH(DATE($E$2,MATCH($C$2,{"January","February","March","April","May","June","July","August","September","October","November","December"},0),1)-WEEKDAY(DATE($E$2,MATCH($C$2,{"January","February","March","April","May","June","July","August","September","October","November","December"},0),1),1)+1+6)=MATCH($C$2,{"January","February","March","April","May","June","July","August","September","October","November","December"},0),IFERROR(IF(COUNTIFS('Trade Log'!$E$5:$E$1004,DATE($E$2,MATCH($C$2,{"January","February","March","April","May","June","July","August","September","October","November","December"},0),1)-WEEKDAY(DATE($E$2,MATCH($C$2,{"January","February","March","April","May","June","July","August","September","October","November","December"},0),1),1)+1+6)=0,"",COUNTIFS('Trade Log'!$E$5:$E$1004,DATE($E$2,MATCH($C$2,{"January","February","March","April","May","June","July","August","September","October","November","December"},0),1)-WEEKDAY(DATE($E$2,MATCH($C$2,{"January","February","March","April","May","June","July","August","September","October","November","December"},0),1),1)+1+6)&" trade(s)"),""),"") | I6: =IFERROR(SUMPRODUCT(('Trade Log'!$T$5:$T$1004>0)*(MONTH('Trade Log'!$E$5:$E$1004)=MATCH($C$2,{"January","February","March","April","May","June","July","August","September","October","November","December"},0))*(YEAR('Trade Log'!$E$5:$E$1004)=$E$2)),"—") -> 0
A7: =IF(MONTH(DATE($E$2,MATCH($C$2,{"January","February","March","April","May","June","July","August","September","October","November","December"},0),1)-WEEKDAY(DATE($E$2,MATCH($C$2,{"January","February","March","April","May","June","July","August","September","October","November","December"},0),1),1)+1+7)=MATCH($C$2,{"January","February","March","April","May","June","July","August","September","October","November","December"},0),DAY(DATE($E$2,MATCH($C$2,{"January","February","March","April","May","June","July","August","September","October","November","December"},0),1)-WEEKDAY(DATE($E$2,MATCH($C$2,{"January","February","March","April","May","June","July","August","September","October","November","December"},0),1),1)+1+7),"") -> 3 | B7: =IF(MONTH(DATE($E$2,MATCH($C$2,{"January","February","March","April","May","June","July","August","September","October","November","December"},0),1)-WEEKDAY(DATE($E$2,MATCH($C$2,{"January","February","March","April","May","June","July","August","September","October","November","December"},0),1),1)+1+8)=MATCH($C$2,{"January","February","March","April","May","June","July","August","September","October","November","December"},0),DAY(DATE($E$2,MATCH($C$2,{"January","February","March","April","May","June","July","August","September","October","November","December"},0),1)-WEEKDAY(DATE($E$2,MATCH($C$2,{"January","February","March","April","May","June","July","August","September","October","November","December"},0),1),1)+1+8),"") -> 4 | C7: =IF(MONTH(DATE($E$2,MATCH($C$2,{"January","February","March","April","May","June","July","August","September","October","November","December"},0),1)-WEEKDAY(DATE($E$2,MATCH($C$2,{"January","February","March","April","May","June","July","August","September","October","November","December"},0),1),1)+1+9)=MATCH($C$2,{"January","February","March","April","May","June","July","August","September","October","November","December"},0),DAY(DATE($E$2,MATCH($C$2,{"January","February","March","April","May","June","July","August","September","October","November","December"},0),1)-WEEKDAY(DATE($E$2,MATCH($C$2,{"January","February","March","April","May","June","July","August","September","October","November","December"},0),1),1)+1+9),"") -> 5 | D7: =IF(MONTH(DATE($E$2,MATCH($C$2,{"January","February","March","April","May","June","July","August","September","October","November","December"},0),1)-WEEKDAY(DATE($E$2,MATCH($C$2,{"January","February","March","April","May","June","July","August","September","October","November","December"},0),1),1)+1+10)=MATCH($C$2,{"January","February","March","April","May","June","July","August","September","October","November","December"},0),DAY(DATE($E$2,MATCH($C$2,{"January","February","March","April","May","June","July","August","September","October","November","December"},0),1)-WEEKDAY(DATE($E$2,MATCH($C$2,{"January","February","March","April","May","June","July","August","September","October","November","December"},0),1),1)+1+10),"") -> 6 | E7: =IF(MONTH(DATE($E$2,MATCH($C$2,{"January","February","March","April","May","June","July","August","September","October","November","December"},0),1)-WEEKDAY(DATE($E$2,MATCH($C$2,{"January","February","March","April","May","June","July","August","September","October","November","December"},0),1),1)+1+11)=MATCH($C$2,{"January","February","March","April","May","June","July","August","September","October","November","December"},0),DAY(DATE($E$2,MATCH($C$2,{"January","February","March","April","May","June","July","August","September","October","November","December"},0),1)-WEEKDAY(DATE($E$2,MATCH($C$2,{"January","February","March","April","May","June","July","August","September","October","November","December"},0),1),1)+1+11),"") -> 7 | F7: =IF(MONTH(DATE($E$2,MATCH($C$2,{"January","February","March","April","May","June","July","August","September","October","November","December"},0),1)-WEEKDAY(DATE($E$2,MATCH($C$2,{"January","February","March","April","May","June","July","August","September","October","November","December"},0),1),1)+1+12)=MATCH($C$2,{"January","February","March","April","May","June","July","August","September","October","November","December"},0),DAY(DATE($E$2,MATCH($C$2,{"January","February","March","April","May","June","July","August","September","October","November","December"},0),1)-WEEKDAY(DATE($E$2,MATCH($C$2,{"January","February","March","April","May","June","July","August","September","October","November","December"},0),1),1)+1+12),"") -> 8 | G7: =IF(MONTH(DATE($E$2,MATCH($C$2,{"January","February","March","April","May","June","July","August","September","October","November","December"},0),1)-WEEKDAY(DATE($E$2,MATCH($C$2,{"January","February","March","April","May","June","July","August","September","October","November","December"},0),1),1)+1+13)=MATCH($C$2,{"January","February","March","April","May","June","July","August","September","October","November","December"},0),DAY(DATE($E$2,MATCH($C$2,{"January","February","March","April","May","June","July","August","September","October","November","December"},0),1)-WEEKDAY(DATE($E$2,MATCH($C$2,{"January","February","March","April","May","June","July","August","September","October","November","December"},0),1),1)+1+13),"") -> 9 | I7: Losing Days
A8: =IF(MONTH(DATE($E$2,MATCH($C$2,{"January","February","March","April","May","June","July","August","September","October","November","December"},0),1)-WEEKDAY(DATE($E$2,MATCH($C$2,{"January","February","March","April","May","June","July","August","September","October","November","December"},0),1),1)+1+7)=MATCH($C$2,{"January","February","March","April","May","June","July","August","September","October","November","December"},0),IFERROR(IF(SUMIFS('Trade Log'!$T$5:$T$1004,'Trade Log'!$E$5:$E$1004,DATE($E$2,MATCH($C$2,{"January","February","March","April","May","June","July","August","September","October","November","December"},0),1)-WEEKDAY(DATE($E$2,MATCH($C$2,{"January","February","March","April","May","June","July","August","September","October","November","December"},0),1),1)+1+7)=0,"",SUMIFS('Trade Log'!$T$5:$T$1004,'Trade Log'!$E$5:$E$1004,DATE($E$2,MATCH($C$2,{"January","February","March","April","May","June","July","August","September","October","November","December"},0),1)-WEEKDAY(DATE($E$2,MATCH($C$2,{"January","February","March","April","May","June","July","August","September","October","November","December"},0),1),1)+1+7)),""),"") | B8: =IF(MONTH(DATE($E$2,MATCH($C$2,{"January","February","March","April","May","June","July","August","September","October","November","December"},0),1)-WEEKDAY(DATE($E$2,MATCH($C$2,{"January","February","March","April","May","June","July","August","September","October","November","December"},0),1),1)+1+8)=MATCH($C$2,{"January","February","March","April","May","June","July","August","September","October","November","December"},0),IFERROR(IF(SUMIFS('Trade Log'!$T$5:$T$1004,'Trade Log'!$E$5:$E$1004,DATE($E$2,MATCH($C$2,{"January","February","March","April","May","June","July","August","September","October","November","December"},0),1)-WEEKDAY(DATE($E$2,MATCH($C$2,{"January","February","March","April","May","June","July","August","September","October","November","December"},0),1),1)+1+8)=0,"",SUMIFS('Trade Log'!$T$5:$T$1004,'Trade Log'!$E$5:$E$1004,DATE($E$2,MATCH($C$2,{"January","February","March","April","May","June","July","August","September","October","November","December"},0),1)-WEEKDAY(DATE($E$2,MATCH($C$2,{"January","February","March","April","May","June","July","August","September","October","November","December"},0),1),1)+1+8)),""),"") | C8: =IF(MONTH(DATE($E$2,MATCH($C$2,{"January","February","March","April","May","June","July","August","September","October","November","December"},0),1)-WEEKDAY(DATE($E$2,MATCH($C$2,{"January","February","March","April","May","June","July","August","September","October","November","December"},0),1),1)+1+9)=MATCH($C$2,{"January","February","March","April","May","June","July","August","September","October","November","December"},0),IFERROR(IF(SUMIFS('Trade Log'!$T$5:$T$1004,'Trade Log'!$E$5:$E$1004,DATE($E$2,MATCH($C$2,{"January","February","March","April","May","June","July","August","September","October","November","December"},0),1)-WEEKDAY(DATE($E$2,MATCH($C$2,{"January","February","March","April","May","June","July","August","September","October","November","December"},0),1),1)+1+9)=0,"",SUMIFS('Trade Log'!$T$5:$T$1004,'Trade Log'!$E$5:$E$1004,DATE($E$2,MATCH($C$2,{"January","February","March","April","May","June","July","August","September","October","November","December"},0),1)-WEEKDAY(DATE($E$2,MATCH($C$2,{"January","February","March","April","May","June","July","August","September","October","November","December"},0),1),1)+1+9)),""),"") | D8: =IF(MONTH(DATE($E$2,MATCH($C$2,{"January","February","March","April","May","June","July","August","September","October","November","December"},0),1)-WEEKDAY(DATE($E$2,MATCH($C$2,{"January","February","March","April","May","June","July","August","September","October","November","December"},0),1),1)+1+10)=MATCH($C$2,{"January","February","March","April","May","June","July","August","September","October","November","December"},0),IFERROR(IF(SUMIFS('Trade Log'!$T$5:$T$1004,'Trade Log'!$E$5:$E$1004,DATE($E$2,MATCH($C$2,{"January","February","March","April","May","June","July","August","September","October","November","December"},0),1)-WEEKDAY(DATE($E$2,MATCH($C$2,{"January","February","March","April","May","June","July","August","September","October","November","December"},0),1),1)+1+10)=0,"",SUMIFS('Trade Log'!$T$5:$T$1004,'Trade Log'!$E$5:$E$1004,DATE($E$2,MATCH($C$2,{"January","February","March","April","May","June","July","August","September","October","November","December"},0),1)-WEEKDAY(DATE($E$2,MATCH($C$2,{"January","February","March","April","May","June","July","August","September","October","November","December"},0),1),1)+1+10)),""),"") | E8: =IF(MONTH(DATE($E$2,MATCH($C$2,{"January","February","March","April","May","June","July","August","September","October","November","December"},0),1)-WEEKDAY(DATE($E$2,MATCH($C$2,{"January","February","March","April","May","June","July","August","September","October","November","December"},0),1),1)+1+11)=MATCH($C$2,{"January","February","March","April","May","June","July","August","September","October","November","December"},0),IFERROR(IF(SUMIFS('Trade Log'!$T$5:$T$1004,'Trade Log'!$E$5:$E$1004,DATE($E$2,MATCH($C$2,{"January","February","March","April","May","June","July","August","September","October","November","December"},0),1)-WEEKDAY(DATE($E$2,MATCH($C$2,{"January","February","March","April","May","June","July","August","September","October","November","December"},0),1),1)+1+11)=0,"",SUMIFS('Trade Log'!$T$5:$T$1004,'Trade Log'!$E$5:$E$1004,DATE($E$2,MATCH($C$2,{"January","February","March","April","May","June","July","August","September","October","November","December"},0),1)-WEEKDAY(DATE($E$2,MATCH($C$2,{"January","February","March","April","May","June","July","August","September","October","November","December"},0),1),1)+1+11)),""),"") | F8: =IF(MONTH(DATE($E$2,MATCH($C$2,{"January","February","March","April","May","June","July","August","September","October","November","December"},0),1)-WEEKDAY(DATE($E$2,MATCH($C$2,{"January","February","March","April","May","June","July","August","September","October","November","December"},0),1),1)+1+12)=MATCH($C$2,{"January","February","March","April","May","June","July","August","September","October","November","December"},0),IFERROR(IF(SUMIFS('Trade Log'!$T$5:$T$1004,'Trade Log'!$E$5:$E$1004,DATE($E$2,MATCH($C$2,{"January","February","March","April","May","June","July","August","September","October","November","December"},0),1)-WEEKDAY(DATE($E$2,MATCH($C$2,{"January","February","March","April","May","June","July","August","September","October","November","December"},0),1),1)+1+12)=0,"",SUMIFS('Trade Log'!$T$5:$T$1004,'Trade Log'!$E$5:$E$1004,DATE($E$2,MATCH($C$2,{"January","February","March","April","May","June","July","August","September","October","November","December"},0),1)-WEEKDAY(DATE($E$2,MATCH($C$2,{"January","February","March","April","May","June","July","August","September","October","November","December"},0),1),1)+1+12)),""),"") | G8: =IF(MONTH(DATE($E$2,MATCH($C$2,{"January","February","March","April","May","June","July","August","September","October","November","December"},0),1)-WEEKDAY(DATE($E$2,MATCH($C$2,{"January","February","March","April","May","June","July","August","September","October","November","December"},0),1),1)+1+13)=MATCH($C$2,{"January","February","March","April","May","June","July","August","September","October","November","December"},0),IFERROR(IF(SUMIFS('Trade Log'!$T$5:$T$1004,'Trade Log'!$E$5:$E$1004,DATE($E$2,MATCH($C$2,{"January","February","March","April","May","June","July","August","September","October","November","December"},0),1)-WEEKDAY(DATE($E$2,MATCH($C$2,{"January","February","March","April","May","June","July","August","September","October","November","December"},0),1),1)+1+13)=0,"",SUMIFS('Trade Log'!$T$5:$T$1004,'Trade Log'!$E$5:$E$1004,DATE($E$2,MATCH($C$2,{"January","February","March","April","May","June","July","August","September","October","November","December"},0),1)-WEEKDAY(DATE($E$2,MATCH($C$2,{"January","February","March","April","May","June","July","August","September","October","November","December"},0),1),1)+1+13)),""),"") | I8: =IFERROR(SUMPRODUCT(('Trade Log'!$T$5:$T$1004<0)*(MONTH('Trade Log'!$E$5:$E$1004)=MATCH($C$2,{"January","February","March","April","May","June","July","August","September","October","November","December"},0))*(YEAR('Trade Log'!$E$5:$E$1004)=$E$2)),"—") -> 0
A9: =IF(MONTH(DATE($E$2,MATCH($C$2,{"January","February","March","April","May","June","July","August","September","October","November","December"},0),1)-WEEKDAY(DATE($E$2,MATCH($C$2,{"January","February","March","April","May","June","July","August","September","October","November","December"},0),1),1)+1+7)=MATCH($C$2,{"January","February","March","April","May","June","July","August","September","October","November","December"},0),IFERROR(IF(COUNTIFS('Trade Log'!$E$5:$E$1004,DATE($E$2,MATCH($C$2,{"January","February","March","April","May","June","July","August","September","October","November","December"},0),1)-WEEKDAY(DATE($E$2,MATCH($C$2,{"January","February","March","April","May","June","July","August","September","October","November","December"},0),1),1)+1+7)=0,"",COUNTIFS('Trade Log'!$E$5:$E$1004,DATE($E$2,MATCH($C$2,{"January","February","March","April","May","June","July","August","September","October","November","December"},0),1)-WEEKDAY(DATE($E$2,MATCH($C$2,{"January","February","March","April","May","June","July","August","September","October","November","December"},0),1),1)+1+7)&" trade(s)"),""),"") | B9: =IF(MONTH(DATE($E$2,MATCH($C$2,{"January","February","March","April","May","June","July","August","September","October","November","December"},0),1)-WEEKDAY(DATE($E$2,MATCH($C$2,{"January","February","March","April","May","June","July","August","September","October","November","December"},0),1),1)+1+8)=MATCH($C$2,{"January","February","March","April","May","June","July","August","September","October","November","December"},0),IFERROR(IF(COUNTIFS('Trade Log'!$E$5:$E$1004,DATE($E$2,MATCH($C$2,{"January","February","March","April","May","June","July","August","September","October","November","December"},0),1)-WEEKDAY(DATE($E$2,MATCH($C$2,{"January","February","March","April","May","June","July","August","September","October","November","December"},0),1),1)+1+8)=0,"",COUNTIFS('Trade Log'!$E$5:$E$1004,DATE($E$2,MATCH($C$2,{"January","February","March","April","May","June","July","August","September","October","November","December"},0),1)-WEEKDAY(DATE($E$2,MATCH($C$2,{"January","February","March","April","May","June","July","August","September","October","November","December"},0),1),1)+1+8)&" trade(s)"),""),"") | C9: =IF(MONTH(DATE($E$2,MATCH($C$2,{"January","February","March","April","May","June","July","August","September","October","November","December"},0),1)-WEEKDAY(DATE($E$2,MATCH($C$2,{"January","February","March","April","May","June","July","August","September","October","November","December"},0),1),1)+1+9)=MATCH($C$2,{"January","February","March","April","May","June","July","August","September","October","November","December"},0),IFERROR(IF(COUNTIFS('Trade Log'!$E$5:$E$1004,DATE($E$2,MATCH($C$2,{"January","February","March","April","May","June","July","August","September","October","November","December"},0),1)-WEEKDAY(DATE($E$2,MATCH($C$2,{"January","February","March","April","May","June","July","August","September","October","November","December"},0),1),1)+1+9)=0,"",COUNTIFS('Trade Log'!$E$5:$E$1004,DATE($E$2,MATCH($C$2,{"January","February","March","April","May","June","July","August","September","October","November","December"},0),1)-WEEKDAY(DATE($E$2,MATCH($C$2,{"January","February","March","April","May","June","July","August","September","October","November","December"},0),1),1)+1+9)&" trade(s)"),""),"") | D9: =IF(MONTH(DATE($E$2,MATCH($C$2,{"January","February","March","April","May","June","July","August","September","October","November","December"},0),1)-WEEKDAY(DATE($E$2,MATCH($C$2,{"January","February","March","April","May","June","July","August","September","October","November","December"},0),1),1)+1+10)=MATCH($C$2,{"January","February","March","April","May","June","July","August","September","October","November","December"},0),IFERROR(IF(COUNTIFS('Trade Log'!$E$5:$E$1004,DATE($E$2,MATCH($C$2,{"January","February","March","April","May","June","July","August","September","October","November","December"},0),1)-WEEKDAY(DATE($E$2,MATCH($C$2,{"January","February","March","April","May","June","July","August","September","October","November","December"},0),1),1)+1+10)=0,"",COUNTIFS('Trade Log'!$E$5:$E$1004,DATE($E$2,MATCH($C$2,{"January","February","March","April","May","June","July","August","September","October","November","December"},0),1)-WEEKDAY(DATE($E$2,MATCH($C$2,{"January","February","March","April","May","June","July","August","September","October","November","December"},0),1),1)+1+10)&" trade(s)"),""),"") | E9: =IF(MONTH(DATE($E$2,MATCH($C$2,{"January","February","March","April","May","June","July","August","September","October","November","December"},0),1)-WEEKDAY(DATE($E$2,MATCH($C$2,{"January","February","March","April","May","June","July","August","September","October","November","December"},0),1),1)+1+11)=MATCH($C$2,{"January","February","March","April","May","June","July","August","September","October","November","December"},0),IFERROR(IF(COUNTIFS('Trade Log'!$E$5:$E$1004,DATE($E$2,MATCH($C$2,{"January","February","March","April","May","June","July","August","September","October","November","December"},0),1)-WEEKDAY(DATE($E$2,MATCH($C$2,{"January","February","March","April","May","June","July","August","September","October","November","December"},0),1),1)+1+11)=0,"",COUNTIFS('Trade Log'!$E$5:$E$1004,DATE($E$2,MATCH($C$2,{"January","February","March","April","May","June","July","August","September","October","November","December"},0),1)-WEEKDAY(DATE($E$2,MATCH($C$2,{"January","February","March","April","May","June","July","August","September","October","November","December"},0),1),1)+1+11)&" trade(s)"),""),"") | F9: =IF(MONTH(DATE($E$2,MATCH($C$2,{"January","February","March","April","May","June","July","August","September","October","November","December"},0),1)-WEEKDAY(DATE($E$2,MATCH($C$2,{"January","February","March","April","May","June","July","August","September","October","November","December"},0),1),1)+1+12)=MATCH($C$2,{"January","February","March","April","May","June","July","August","September","October","November","December"},0),IFERROR(IF(COUNTIFS('Trade Log'!$E$5:$E$1004,DATE($E$2,MATCH($C$2,{"January","February","March","April","May","June","July","August","September","October","November","December"},0),1)-WEEKDAY(DATE($E$2,MATCH($C$2,{"January","February","March","April","May","June","July","August","September","October","November","December"},0),1),1)+1+12)=0,"",COUNTIFS('Trade Log'!$E$5:$E$1004,DATE($E$2,MATCH($C$2,{"January","February","March","April","May","June","July","August","September","October","November","December"},0),1)-WEEKDAY(DATE($E$2,MATCH($C$2,{"January","February","March","April","May","June","July","August","September","October","November","December"},0),1),1)+1+12)&" trade(s)"),""),"") | G9: =IF(MONTH(DATE($E$2,MATCH($C$2,{"January","February","March","April","May","June","July","August","September","October","November","December"},0),1)-WEEKDAY(DATE($E$2,MATCH($C$2,{"January","February","March","April","May","June","July","August","September","October","November","December"},0),1),1)+1+13)=MATCH($C$2,{"January","February","March","April","May","June","July","August","September","October","November","December"},0),IFERROR(IF(COUNTIFS('Trade Log'!$E$5:$E$1004,DATE($E$2,MATCH($C$2,{"January","February","March","April","May","June","July","August","September","October","November","December"},0),1)-WEEKDAY(DATE($E$2,MATCH($C$2,{"January","February","March","April","May","June","July","August","September","October","November","December"},0),1),1)+1+13)=0,"",COUNTIFS('Trade Log'!$E$5:$E$1004,DATE($E$2,MATCH($C$2,{"January","February","March","April","May","June","July","August","September","October","November","December"},0),1)-WEEKDAY(DATE($E$2,MATCH($C$2,{"January","February","March","April","May","June","July","August","September","October","November","December"},0),1),1)+1+13)&" trade(s)"),""),"") | I9: Total Closes
A10: =IF(MONTH(DATE($E$2,MATCH($C$2,{"January","February","March","April","May","June","July","August","September","October","November","December"},0),1)-WEEKDAY(DATE($E$2,MATCH($C$2,{"January","February","March","April","May","June","July","August","September","October","November","December"},0),1),1)+1+14)=MATCH($C$2,{"January","February","March","April","May","June","July","August","September","October","November","December"},0),DAY(DATE($E$2,MATCH($C$2,{"January","February","March","April","May","June","July","August","September","October","November","December"},0),1)-WEEKDAY(DATE($E$2,MATCH($C$2,{"January","February","March","April","May","June","July","August","September","October","November","December"},0),1),1)+1+14),"") -> 10 | B10: =IF(MONTH(DATE($E$2,MATCH($C$2,{"January","February","March","April","May","June","July","August","September","October","November","December"},0),1)-WEEKDAY(DATE($E$2,MATCH($C$2,{"January","February","March","April","May","June","July","August","September","October","November","December"},0),1),1)+1+15)=MATCH($C$2,{"January","February","March","April","May","June","July","August","September","October","November","December"},0),DAY(DATE($E$2,MATCH($C$2,{"January","February","March","April","May","June","July","August","September","October","November","December"},0),1)-WEEKDAY(DATE($E$2,MATCH($C$2,{"January","February","March","April","May","June","July","August","September","October","November","December"},0),1),1)+1+15),"") -> 11 | C10: =IF(MONTH(DATE($E$2,MATCH($C$2,{"January","February","March","April","May","June","July","August","September","October","November","December"},0),1)-WEEKDAY(DATE($E$2,MATCH($C$2,{"January","February","March","April","May","June","July","August","September","October","November","December"},0),1),1)+1+16)=MATCH($C$2,{"January","February","March","April","May","June","July","August","September","October","November","December"},0),DAY(DATE($E$2,MATCH($C$2,{"January","February","March","April","May","June","July","August","September","October","November","December"},0),1)-WEEKDAY(DATE($E$2,MATCH($C$2,{"January","February","March","April","May","June","July","August","September","October","November","December"},0),1),1)+1+16),"") -> 12 | D10: =IF(MONTH(DATE($E$2,MATCH($C$2,{"January","February","March","April","May","June","July","August","September","October","November","December"},0),1)-WEEKDAY(DATE($E$2,MATCH($C$2,{"January","February","March","April","May","June","July","August","September","October","November","December"},0),1),1)+1+17)=MATCH($C$2,{"January","February","March","April","May","June","July","August","September","October","November","December"},0),DAY(DATE($E$2,MATCH($C$2,{"January","February","March","April","May","June","July","August","September","October","November","December"},0),1)-WEEKDAY(DATE($E$2,MATCH($C$2,{"January","February","March","April","May","June","July","August","September","October","November","December"},0),1),1)+1+17),"") -> 13 | E10: =IF(MONTH(DATE($E$2,MATCH($C$2,{"January","February","March","April","May","June","July","August","September","October","November","December"},0),1)-WEEKDAY(DATE($E$2,MATCH($C$2,{"January","February","March","April","May","June","July","August","September","October","November","December"},0),1),1)+1+18)=MATCH($C$2,{"January","February","March","April","May","June","July","August","September","October","November","December"},0),DAY(DATE($E$2,MATCH($C$2,{"January","February","March","April","May","June","July","August","September","October","November","December"},0),1)-WEEKDAY(DATE($E$2,MATCH($C$2,{"January","February","March","April","May","June","July","August","September","October","November","December"},0),1),1)+1+18),"") -> 14 | F10: =IF(MONTH(DATE($E$2,MATCH($C$2,{"January","February","March","April","May","June","July","August","September","October","November","December"},0),1)-WEEKDAY(DATE($E$2,MATCH($C$2,{"January","February","March","April","May","June","July","August","September","October","November","December"},0),1),1)+1+19)=MATCH($C$2,{"January","February","March","April","May","June","July","August","September","October","November","December"},0),DAY(DATE($E$2,MATCH($C$2,{"January","February","March","April","May","June","July","August","September","October","November","December"},0),1)-WEEKDAY(DATE($E$2,MATCH($C$2,{"January","February","March","April","May","June","July","August","September","October","November","December"},0),1),1)+1+19),"") -> 15 | G10: =IF(MONTH(DATE($E$2,MATCH($C$2,{"January","February","March","April","May","June","July","August","September","October","November","December"},0),1)-WEEKDAY(DATE($E$2,MATCH($C$2,{"January","February","March","April","May","June","July","August","September","October","November","December"},0),1),1)+1+20)=MATCH($C$2,{"January","February","March","April","May","June","July","August","September","October","November","December"},0),DAY(DATE($E$2,MATCH($C$2,{"January","February","March","April","May","June","July","August","September","October","November","December"},0),1)-WEEKDAY(DATE($E$2,MATCH($C$2,{"January","February","March","April","May","June","July","August","September","October","November","December"},0),1),1)+1+20),"") -> 16 | I10: =IFERROR(SUMPRODUCT(('Trade Log'!$T$5:$T$1004<>0)*(MONTH('Trade Log'!$E$5:$E$1004)=MATCH($C$2,{"January","February","March","April","May","June","July","August","September","October","November","December"},0))*(YEAR('Trade Log'!$E$5:$E$1004)=$E$2)),"—") -> 0
A11: =IF(MONTH(DATE($E$2,MATCH($C$2,{"January","February","March","April","May","June","July","August","September","October","November","December"},0),1)-WEEKDAY(DATE($E$2,MATCH($C$2,{"January","February","March","April","May","June","July","August","September","October","November","December"},0),1),1)+1+14)=MATCH($C$2,{"January","February","March","April","May","June","July","August","September","October","November","December"},0),IFERROR(IF(SUMIFS('Trade Log'!$T$5:$T$1004,'Trade Log'!$E$5:$E$1004,DATE($E$2,MATCH($C$2,{"January","February","March","April","May","June","July","August","September","October","November","December"},0),1)-WEEKDAY(DATE($E$2,MATCH($C$2,{"January","February","March","April","May","June","July","August","September","October","November","December"},0),1),1)+1+14)=0,"",SUMIFS('Trade Log'!$T$5:$T$1004,'Trade Log'!$E$5:$E$1004,DATE($E$2,MATCH($C$2,{"January","February","March","April","May","June","July","August","September","October","November","December"},0),1)-WEEKDAY(DATE($E$2,MATCH($C$2,{"January","February","March","April","May","June","July","August","September","October","November","December"},0),1),1)+1+14)),""),"") | B11: =IF(MONTH(DATE($E$2,MATCH($C$2,{"January","February","March","April","May","June","July","August","September","October","November","December"},0),1)-WEEKDAY(DATE($E$2,MATCH($C$2,{"January","February","March","April","May","June","July","August","September","October","November","December"},0),1),1)+1+15)=MATCH($C$2,{"January","February","March","April","May","June","July","August","September","October","November","December"},0),IFERROR(IF(SUMIFS('Trade Log'!$T$5:$T$1004,'Trade Log'!$E$5:$E$1004,DATE($E$2,MATCH($C$2,{"January","February","March","April","May","June","July","August","September","October","November","December"},0),1)-WEEKDAY(DATE($E$2,MATCH($C$2,{"January","February","March","April","May","June","July","August","September","October","November","December"},0),1),1)+1+15)=0,"",SUMIFS('Trade Log'!$T$5:$T$1004,'Trade Log'!$E$5:$E$1004,DATE($E$2,MATCH($C$2,{"January","February","March","April","May","June","July","August","September","October","November","December"},0),1)-WEEKDAY(DATE($E$2,MATCH($C$2,{"January","February","March","April","May","June","July","August","September","October","November","December"},0),1),1)+1+15)),""),"") | C11: =IF(MONTH(DATE($E$2,MATCH($C$2,{"January","February","March","April","May","June","July","August","September","October","November","December"},0),1)-WEEKDAY(DATE($E$2,MATCH($C$2,{"January","February","March","April","May","June","July","August","September","October","November","December"},0),1),1)+1+16)=MATCH($C$2,{"January","February","March","April","May","June","July","August","September","October","November","December"},0),IFERROR(IF(SUMIFS('Trade Log'!$T$5:$T$1004,'Trade Log'!$E$5:$E$1004,DATE($E$2,MATCH($C$2,{"January","February","March","April","May","June","July","August","September","October","November","December"},0),1)-WEEKDAY(DATE($E$2,MATCH($C$2,{"January","February","March","April","May","June","July","August","September","October","November","December"},0),1),1)+1+16)=0,"",SUMIFS('Trade Log'!$T$5:$T$1004,'Trade Log'!$E$5:$E$1004,DATE($E$2,MATCH($C$2,{"January","February","March","April","May","June","July","August","September","October","November","December"},0),1)-WEEKDAY(DATE($E$2,MATCH($C$2,{"January","February","March","April","May","June","July","August","September","October","November","December"},0),1),1)+1+16)),""),"") | D11: =IF(MONTH(DATE($E$2,MATCH($C$2,{"January","February","March","April","May","June","July","August","September","October","November","December"},0),1)-WEEKDAY(DATE($E$2,MATCH($C$2,{"January","February","March","April","May","June","July","August","September","October","November","December"},0),1),1)+1+17)=MATCH($C$2,{"January","February","March","April","May","June","July","August","September","October","November","December"},0),IFERROR(IF(SUMIFS('Trade Log'!$T$5:$T$1004,'Trade Log'!$E$5:$E$1004,DATE($E$2,MATCH($C$2,{"January","February","March","April","May","June","July","August","September","October","November","December"},0),1)-WEEKDAY(DATE($E$2,MATCH($C$2,{"January","February","March","April","May","June","July","August","September","October","November","December"},0),1),1)+1+17)=0,"",SUMIFS('Trade Log'!$T$5:$T$1004,'Trade Log'!$E$5:$E$1004,DATE($E$2,MATCH($C$2,{"January","February","March","April","May","June","July","August","September","October","November","December"},0),1)-WEEKDAY(DATE($E$2,MATCH($C$2,{"January","February","March","April","May","June","July","August","September","October","November","December"},0),1),1)+1+17)),""),"") | E11: =IF(MONTH(DATE($E$2,MATCH($C$2,{"January","February","March","April","May","June","July","August","September","October","November","December"},0),1)-WEEKDAY(DATE($E$2,MATCH($C$2,{"January","February","March","April","May","June","July","August","September","October","November","December"},0),1),1)+1+18)=MATCH($C$2,{"January","February","March","April","May","June","July","August","September","October","November","December"},0),IFERROR(IF(SUMIFS('Trade Log'!$T$5:$T$1004,'Trade Log'!$E$5:$E$1004,DATE($E$2,MATCH($C$2,{"January","February","March","April","May","June","July","August","September","October","November","December"},0),1)-WEEKDAY(DATE($E$2,MATCH($C$2,{"January","February","March","April","May","June","July","August","September","October","November","December"},0),1),1)+1+18)=0,"",SUMIFS('Trade Log'!$T$5:$T$1004,'Trade Log'!$E$5:$E$1004,DATE($E$2,MATCH($C$2,{"January","February","March","April","May","June","July","August","September","October","November","December"},0),1)-WEEKDAY(DATE($E$2,MATCH($C$2,{"January","February","March","April","May","June","July","August","September","October","November","December"},0),1),1)+1+18)),""),"") | F11: =IF(MONTH(DATE($E$2,MATCH($C$2,{"January","February","March","April","May","June","July","August","September","October","November","December"},0),1)-WEEKDAY(DATE($E$2,MATCH($C$2,{"January","February","March","April","May","June","July","August","September","October","November","December"},0),1),1)+1+19)=MATCH($C$2,{"January","February","March","April","May","June","July","August","September","October","November","December"},0),IFERROR(IF(SUMIFS('Trade Log'!$T$5:$T$1004,'Trade Log'!$E$5:$E$1004,DATE($E$2,MATCH($C$2,{"January","February","March","April","May","June","July","August","September","October","November","December"},0),1)-WEEKDAY(DATE($E$2,MATCH($C$2,{"January","February","March","April","May","June","July","August","September","October","November","December"},0),1),1)+1+19)=0,"",SUMIFS('Trade Log'!$T$5:$T$1004,'Trade Log'!$E$5:$E$1004,DATE($E$2,MATCH($C$2,{"January","February","March","April","May","June","July","August","September","October","November","December"},0),1)-WEEKDAY(DATE($E$2,MATCH($C$2,{"January","February","March","April","May","June","July","August","September","October","November","December"},0),1),1)+1+19)),""),"") | G11: =IF(MONTH(DATE($E$2,MATCH($C$2,{"January","February","March","April","May","June","July","August","September","October","November","December"},0),1)-WEEKDAY(DATE($E$2,MATCH($C$2,{"January","February","March","April","May","June","July","August","September","October","November","December"},0),1),1)+1+20)=MATCH($C$2,{"January","February","March","April","May","June","July","August","September","October","November","December"},0),IFERROR(IF(SUMIFS('Trade Log'!$T$5:$T$1004,'Trade Log'!$E$5:$E$1004,DATE($E$2,MATCH($C$2,{"January","February","March","April","May","June","July","August","September","October","November","December"},0),1)-WEEKDAY(DATE($E$2,MATCH($C$2,{"January","February","March","April","May","June","July","August","September","October","November","December"},0),1),1)+1+20)=0,"",SUMIFS('Trade Log'!$T$5:$T$1004,'Trade Log'!$E$5:$E$1004,DATE($E$2,MATCH($C$2,{"January","February","March","April","May","June","July","August","September","October","November","December"},0),1)-WEEKDAY(DATE($E$2,MATCH($C$2,{"January","February","March","April","May","June","July","August","September","October","November","December"},0),1),1)+1+20)),""),"") | I11: Day Win Rate
A12: =IF(MONTH(DATE($E$2,MATCH($C$2,{"January","February","March","April","May","June","July","August","September","October","November","December"},0),1)-WEEKDAY(DATE($E$2,MATCH($C$2,{"January","February","March","April","May","June","July","August","September","October","November","December"},0),1),1)+1+14)=MATCH($C$2,{"January","February","March","April","May","June","July","August","September","October","November","December"},0),IFERROR(IF(COUNTIFS('Trade Log'!$E$5:$E$1004,DATE($E$2,MATCH($C$2,{"January","February","March","April","May","June","July","August","September","October","November","December"},0),1)-WEEKDAY(DATE($E$2,MATCH($C$2,{"January","February","March","April","May","June","July","August","September","October","November","December"},0),1),1)+1+14)=0,"",COUNTIFS('Trade Log'!$E$5:$E$1004,DATE($E$2,MATCH($C$2,{"January","February","March","April","May","June","July","August","September","October","November","December"},0),1)-WEEKDAY(DATE($E$2,MATCH($C$2,{"January","February","March","April","May","June","July","August","September","October","November","December"},0),1),1)+1+14)&" trade(s)"),""),"") | B12: =IF(MONTH(DATE($E$2,MATCH($C$2,{"January","February","March","April","May","June","July","August","September","October","November","December"},0),1)-WEEKDAY(DATE($E$2,MATCH($C$2,{"January","February","March","April","May","June","July","August","September","October","November","December"},0),1),1)+1+15)=MATCH($C$2,{"January","February","March","April","May","June","July","August","September","October","November","December"},0),IFERROR(IF(COUNTIFS('Trade Log'!$E$5:$E$1004,DATE($E$2,MATCH($C$2,{"January","February","March","April","May","June","July","August","September","October","November","December"},0),1)-WEEKDAY(DATE($E$2,MATCH($C$2,{"January","February","March","April","May","June","July","August","September","October","November","December"},0),1),1)+1+15)=0,"",COUNTIFS('Trade Log'!$E$5:$E$1004,DATE($E$2,MATCH($C$2,{"January","February","March","April","May","June","July","August","September","October","November","December"},0),1)-WEEKDAY(DATE($E$2,MATCH($C$2,{"January","February","March","April","May","June","July","August","September","October","November","December"},0),1),1)+1+15)&" trade(s)"),""),"") | C12: =IF(MONTH(DATE($E$2,MATCH($C$2,{"January","February","March","April","May","June","July","August","September","October","November","December"},0),1)-WEEKDAY(DATE($E$2,MATCH($C$2,{"January","February","March","April","May","June","July","August","September","October","November","December"},0),1),1)+1+16)=MATCH($C$2,{"January","February","March","April","May","June","July","August","September","October","November","December"},0),IFERROR(IF(COUNTIFS('Trade Log'!$E$5:$E$1004,DATE($E$2,MATCH($C$2,{"January","February","March","April","May","June","July","August","September","October","November","December"},0),1)-WEEKDAY(DATE($E$2,MATCH($C$2,{"January","February","March","April","May","June","July","August","September","October","November","December"},0),1),1)+1+16)=0,"",COUNTIFS('Trade Log'!$E$5:$E$1004,DATE($E$2,MATCH($C$2,{"January","February","March","April","May","June","July","August","September","October","November","December"},0),1)-WEEKDAY(DATE($E$2,MATCH($C$2,{"January","February","March","April","May","June","July","August","September","October","November","December"},0),1),1)+1+16)&" trade(s)"),""),"") | D12: =IF(MONTH(DATE($E$2,MATCH($C$2,{"January","February","March","April","May","June","July","August","September","October","November","December"},0),1)-WEEKDAY(DATE($E$2,MATCH($C$2,{"January","February","March","April","May","June","July","August","September","October","November","December"},0),1),1)+1+17)=MATCH($C$2,{"January","February","March","April","May","June","July","August","September","October","November","December"},0),IFERROR(IF(COUNTIFS('Trade Log'!$E$5:$E$1004,DATE($E$2,MATCH($C$2,{"January","February","March","April","May","June","July","August","September","October","November","December"},0),1)-WEEKDAY(DATE($E$2,MATCH($C$2,{"January","February","March","April","May","June","July","August","September","October","November","December"},0),1),1)+1+17)=0,"",COUNTIFS('Trade Log'!$E$5:$E$1004,DATE($E$2,MATCH($C$2,{"January","February","March","April","May","June","July","August","September","October","November","December"},0),1)-WEEKDAY(DATE($E$2,MATCH($C$2,{"January","February","March","April","May","June","July","August","September","October","November","December"},0),1),1)+1+17)&" trade(s)"),""),"") | E12: =IF(MONTH(DATE($E$2,MATCH($C$2,{"January","February","March","April","May","June","July","August","September","October","November","December"},0),1)-WEEKDAY(DATE($E$2,MATCH($C$2,{"January","February","March","April","May","June","July","August","September","October","November","December"},0),1),1)+1+18)=MATCH($C$2,{"January","February","March","April","May","June","July","August","September","October","November","December"},0),IFERROR(IF(COUNTIFS('Trade Log'!$E$5:$E$1004,DATE($E$2,MATCH($C$2,{"January","February","March","April","May","June","July","August","September","October","November","December"},0),1)-WEEKDAY(DATE($E$2,MATCH($C$2,{"January","February","March","April","May","June","July","August","September","October","November","December"},0),1),1)+1+18)=0,"",COUNTIFS('Trade Log'!$E$5:$E$1004,DATE($E$2,MATCH($C$2,{"January","February","March","April","May","June","July","August","September","October","November","December"},0),1)-WEEKDAY(DATE($E$2,MATCH($C$2,{"January","February","March","April","May","June","July","August","September","October","November","December"},0),1),1)+1+18)&" trade(s)"),""),"") | F12: =IF(MONTH(DATE($E$2,MATCH($C$2,{"January","February","March","April","May","June","July","August","September","October","November","December"},0),1)-WEEKDAY(DATE($E$2,MATCH($C$2,{"January","February","March","April","May","June","July","August","September","October","November","December"},0),1),1)+1+19)=MATCH($C$2,{"January","February","March","April","May","June","July","August","September","October","November","December"},0),IFERROR(IF(COUNTIFS('Trade Log'!$E$5:$E$1004,DATE($E$2,MATCH($C$2,{"January","February","March","April","May","June","July","August","September","October","November","December"},0),1)-WEEKDAY(DATE($E$2,MATCH($C$2,{"January","February","March","April","May","June","July","August","September","October","November","December"},0),1),1)+1+19)=0,"",COUNTIFS('Trade Log'!$E$5:$E$1004,DATE($E$2,MATCH($C$2,{"January","February","March","April","May","June","July","August","September","October","November","December"},0),1)-WEEKDAY(DATE($E$2,MATCH($C$2,{"January","February","March","April","May","June","July","August","September","October","November","December"},0),1),1)+1+19)&" trade(s)"),""),"") | G12: =IF(MONTH(DATE($E$2,MATCH($C$2,{"January","February","March","April","May","June","July","August","September","October","November","December"},0),1)-WEEKDAY(DATE($E$2,MATCH($C$2,{"January","February","March","April","May","June","July","August","September","October","November","December"},0),1),1)+1+20)=MATCH($C$2,{"January","February","March","April","May","June","July","August","September","October","November","December"},0),IFERROR(IF(COUNTIFS('Trade Log'!$E$5:$E$1004,DATE($E$2,MATCH($C$2,{"January","February","March","April","May","June","July","August","September","October","November","December"},0),1)-WEEKDAY(DATE($E$2,MATCH($C$2,{"January","February","March","April","May","June","July","August","September","October","November","December"},0),1),1)+1+20)=0,"",COUNTIFS('Trade Log'!$E$5:$E$1004,DATE($E$2,MATCH($C$2,{"January","February","March","April","May","June","July","August","September","October","November","December"},0),1)-WEEKDAY(DATE($E$2,MATCH($C$2,{"January","February","March","April","May","June","July","August","September","October","November","December"},0),1),1)+1+20)&" trade(s)"),""),"") | I12: =IFERROR(SUMPRODUCT(('Trade Log'!$T$5:$T$1004>0)*(MONTH('Trade Log'!$E$5:$E$1004)=MATCH($C$2,{"January","February","March","April","May","June","July","August","September","October","November","December"},0))*(YEAR('Trade Log'!$E$5:$E$1004)=$E$2))/SUMPRODUCT(('Trade Log'!$T$5:$T$1004<>0)*(MONTH('Trade Log'!$E$5:$E$1004)=MATCH($C$2,{"January","February","March","April","May","June","July","August","September","October","November","December"},0))*(YEAR('Trade Log'!$E$5:$E$1004)=$E$2)),"—") -> —
A13: =IF(MONTH(DATE($E$2,MATCH($C$2,{"January","February","March","April","May","June","July","August","September","October","November","December"},0),1)-WEEKDAY(DATE($E$2,MATCH($C$2,{"January","February","March","April","May","June","July","August","September","October","November","December"},0),1),1)+1+21)=MATCH($C$2,{"January","February","March","April","May","June","July","August","September","October","November","December"},0),DAY(DATE($E$2,MATCH($C$2,{"January","February","March","April","May","June","July","August","September","October","November","December"},0),1)-WEEKDAY(DATE($E$2,MATCH($C$2,{"January","February","March","April","May","June","July","August","September","October","November","December"},0),1),1)+1+21),"") -> 17 | B13: =IF(MONTH(DATE($E$2,MATCH($C$2,{"January","February","March","April","May","June","July","August","September","October","November","December"},0),1)-WEEKDAY(DATE($E$2,MATCH($C$2,{"January","February","March","April","May","June","July","August","September","October","November","December"},0),1),1)+1+22)=MATCH($C$2,{"January","February","March","April","May","June","July","August","September","October","November","December"},0),DAY(DATE($E$2,MATCH($C$2,{"January","February","March","April","May","June","July","August","September","October","November","December"},0),1)-WEEKDAY(DATE($E$2,MATCH($C$2,{"January","February","March","April","May","June","July","August","September","October","November","December"},0),1),1)+1+22),"") -> 18 | C13: =IF(MONTH(DATE($E$2,MATCH($C$2,{"January","February","March","April","May","June","July","August","September","October","November","December"},0),1)-WEEKDAY(DATE($E$2,MATCH($C$2,{"January","February","March","April","May","June","July","August","September","October","November","December"},0),1),1)+1+23)=MATCH($C$2,{"January","February","March","April","May","June","July","August","September","October","November","December"},0),DAY(DATE($E$2,MATCH($C$2,{"January","February","March","April","May","June","July","August","September","October","November","December"},0),1)-WEEKDAY(DATE($E$2,MATCH($C$2,{"January","February","March","April","May","June","July","August","September","October","November","December"},0),1),1)+1+23),"") -> 19 | D13: =IF(MONTH(DATE($E$2,MATCH($C$2,{"January","February","March","April","May","June","July","August","September","October","November","December"},0),1)-WEEKDAY(DATE($E$2,MATCH($C$2,{"January","February","March","April","May","June","July","August","September","October","November","December"},0),1),1)+1+24)=MATCH($C$2,{"January","February","March","April","May","June","July","August","September","October","November","December"},0),DAY(DATE($E$2,MATCH($C$2,{"January","February","March","April","May","June","July","August","September","October","November","December"},0),1)-WEEKDAY(DATE($E$2,MATCH($C$2,{"January","February","March","April","May","June","July","August","September","October","November","December"},0),1),1)+1+24),"") -> 20 | E13: =IF(MONTH(DATE($E$2,MATCH($C$2,{"January","February","March","April","May","June","July","August","September","October","November","December"},0),1)-WEEKDAY(DATE($E$2,MATCH($C$2,{"January","February","March","April","May","June","July","August","September","October","November","December"},0),1),1)+1+25)=MATCH($C$2,{"January","February","March","April","May","June","July","August","September","October","November","December"},0),DAY(DATE($E$2,MATCH($C$2,{"January","February","March","April","May","June","July","August","September","October","November","December"},0),1)-WEEKDAY(DATE($E$2,MATCH($C$2,{"January","February","March","April","May","June","July","August","September","October","November","December"},0),1),1)+1+25),"") -> 21 | F13: =IF(MONTH(DATE($E$2,MATCH($C$2,{"January","February","March","April","May","June","July","August","September","October","November","December"},0),1)-WEEKDAY(DATE($E$2,MATCH($C$2,{"January","February","March","April","May","June","July","August","September","October","November","December"},0),1),1)+1+26)=MATCH($C$2,{"January","February","March","April","May","June","July","August","September","October","November","December"},0),DAY(DATE($E$2,MATCH($C$2,{"January","February","March","April","May","June","July","August","September","October","November","December"},0),1)-WEEKDAY(DATE($E$2,MATCH($C$2,{"January","February","March","April","May","June","July","August","September","October","November","December"},0),1),1)+1+26),"") -> 22 | G13: =IF(MONTH(DATE($E$2,MATCH($C$2,{"January","February","March","April","May","June","July","August","September","October","November","December"},0),1)-WEEKDAY(DATE($E$2,MATCH($C$2,{"January","February","March","April","May","June","July","August","September","October","November","December"},0),1),1)+1+27)=MATCH($C$2,{"January","February","March","April","May","June","July","August","September","October","November","December"},0),DAY(DATE($E$2,MATCH($C$2,{"January","February","March","April","May","June","July","August","September","October","November","December"},0),1)-WEEKDAY(DATE($E$2,MATCH($C$2,{"January","February","March","April","May","June","July","August","September","October","November","December"},0),1),1)+1+27),"") -> 23 | I13: Best Day
A14: =IF(MONTH(DATE($E$2,MATCH($C$2,{"January","February","March","April","May","June","July","August","September","October","November","December"},0),1)-WEEKDAY(DATE($E$2,MATCH($C$2,{"January","February","March","April","May","June","July","August","September","October","November","December"},0),1),1)+1+21)=MATCH($C$2,{"January","February","March","April","May","June","July","August","September","October","November","December"},0),IFERROR(IF(SUMIFS('Trade Log'!$T$5:$T$1004,'Trade Log'!$E$5:$E$1004,DATE($E$2,MATCH($C$2,{"January","February","March","April","May","June","July","August","September","October","November","December"},0),1)-WEEKDAY(DATE($E$2,MATCH($C$2,{"January","February","March","April","May","June","July","August","September","October","November","December"},0),1),1)+1+21)=0,"",SUMIFS('Trade Log'!$T$5:$T$1004,'Trade Log'!$E$5:$E$1004,DATE($E$2,MATCH($C$2,{"January","February","March","April","May","June","July","August","September","October","November","December"},0),1)-WEEKDAY(DATE($E$2,MATCH($C$2,{"January","February","March","April","May","June","July","August","September","October","November","December"},0),1),1)+1+21)),""),"") | B14: =IF(MONTH(DATE($E$2,MATCH($C$2,{"January","February","March","April","May","June","July","August","September","October","November","December"},0),1)-WEEKDAY(DATE($E$2,MATCH($C$2,{"January","February","March","April","May","June","July","August","September","October","November","December"},0),1),1)+1+22)=MATCH($C$2,{"January","February","March","April","May","June","July","August","September","October","November","December"},0),IFERROR(IF(SUMIFS('Trade Log'!$T$5:$T$1004,'Trade Log'!$E$5:$E$1004,DATE($E$2,MATCH($C$2,{"January","February","March","April","May","June","July","August","September","October","November","December"},0),1)-WEEKDAY(DATE($E$2,MATCH($C$2,{"January","February","March","April","May","June","July","August","September","October","November","December"},0),1),1)+1+22)=0,"",SUMIFS('Trade Log'!$T$5:$T$1004,'Trade Log'!$E$5:$E$1004,DATE($E$2,MATCH($C$2,{"January","February","March","April","May","June","July","August","September","October","November","December"},0),1)-WEEKDAY(DATE($E$2,MATCH($C$2,{"January","February","March","April","May","June","July","August","September","October","November","December"},0),1),1)+1+22)),""),"") | C14: =IF(MONTH(DATE($E$2,MATCH($C$2,{"January","February","March","April","May","June","July","August","September","October","November","December"},0),1)-WEEKDAY(DATE($E$2,MATCH($C$2,{"January","February","March","April","May","June","July","August","September","October","November","December"},0),1),1)+1+23)=MATCH($C$2,{"January","February","March","April","May","June","July","August","September","October","November","December"},0),IFERROR(IF(SUMIFS('Trade Log'!$T$5:$T$1004,'Trade Log'!$E$5:$E$1004,DATE($E$2,MATCH($C$2,{"January","February","March","April","May","June","July","August","September","October","November","December"},0),1)-WEEKDAY(DATE($E$2,MATCH($C$2,{"January","February","March","April","May","June","July","August","September","October","November","December"},0),1),1)+1+23)=0,"",SUMIFS('Trade Log'!$T$5:$T$1004,'Trade Log'!$E$5:$E$1004,DATE($E$2,MATCH($C$2,{"January","February","March","April","May","June","July","August","September","October","November","December"},0),1)-WEEKDAY(DATE($E$2,MATCH($C$2,{"January","February","March","April","May","June","July","August","September","October","November","December"},0),1),1)+1+23)),""),"") | D14: =IF(MONTH(DATE($E$2,MATCH($C$2,{"January","February","March","April","May","June","July","August","September","October","November","December"},0),1)-WEEKDAY(DATE($E$2,MATCH($C$2,{"January","February","March","April","May","June","July","August","September","October","November","December"},0),1),1)+1+24)=MATCH($C$2,{"January","February","March","April","May","June","July","August","September","October","November","December"},0),IFERROR(IF(SUMIFS('Trade Log'!$T$5:$T$1004,'Trade Log'!$E$5:$E$1004,DATE($E$2,MATCH($C$2,{"January","February","March","April","May","June","July","August","September","October","November","December"},0),1)-WEEKDAY(DATE($E$2,MATCH($C$2,{"January","February","March","April","May","June","July","August","September","October","November","December"},0),1),1)+1+24)=0,"",SUMIFS('Trade Log'!$T$5:$T$1004,'Trade Log'!$E$5:$E$1004,DATE($E$2,MATCH($C$2,{"January","February","March","April","May","June","July","August","September","October","November","December"},0),1)-WEEKDAY(DATE($E$2,MATCH($C$2,{"January","February","March","April","May","June","July","August","September","October","November","December"},0),1),1)+1+24)),""),"") | E14: =IF(MONTH(DATE($E$2,MATCH($C$2,{"January","February","March","April","May","June","July","August","September","October","November","December"},0),1)-WEEKDAY(DATE($E$2,MATCH($C$2,{"January","February","March","April","May","June","July","August","September","October","November","December"},0),1),1)+1+25)=MATCH($C$2,{"January","February","March","April","May","June","July","August","September","October","November","December"},0),IFERROR(IF(SUMIFS('Trade Log'!$T$5:$T$1004,'Trade Log'!$E$5:$E$1004,DATE($E$2,MATCH($C$2,{"January","February","March","April","May","June","July","August","September","October","November","December"},0),1)-WEEKDAY(DATE($E$2,MATCH($C$2,{"January","February","March","April","May","June","July","August","September","October","November","December"},0),1),1)+1+25)=0,"",SUMIFS('Trade Log'!$T$5:$T$1004,'Trade Log'!$E$5:$E$1004,DATE($E$2,MATCH($C$2,{"January","February","March","April","May","June","July","August","September","October","November","December"},0),1)-WEEKDAY(DATE($E$2,MATCH($C$2,{"January","February","March","April","May","June","July","August","September","October","November","December"},0),1),1)+1+25)),""),"") | F14: =IF(MONTH(DATE($E$2,MATCH($C$2,{"January","February","March","April","May","June","July","August","September","October","November","December"},0),1)-WEEKDAY(DATE($E$2,MATCH($C$2,{"January","February","March","April","May","June","July","August","September","October","November","December"},0),1),1)+1+26)=MATCH($C$2,{"January","February","March","April","May","June","July","August","September","October","November","December"},0),IFERROR(IF(SUMIFS('Trade Log'!$T$5:$T$1004,'Trade Log'!$E$5:$E$1004,DATE($E$2,MATCH($C$2,{"January","February","March","April","May","June","July","August","September","October","November","December"},0),1)-WEEKDAY(DATE($E$2,MATCH($C$2,{"January","February","March","April","May","June","July","August","September","October","November","December"},0),1),1)+1+26)=0,"",SUMIFS('Trade Log'!$T$5:$T$1004,'Trade Log'!$E$5:$E$1004,DATE($E$2,MATCH($C$2,{"January","February","March","April","May","June","July","August","September","October","November","December"},0),1)-WEEKDAY(DATE($E$2,MATCH($C$2,{"January","February","March","April","May","June","July","August","September","October","November","December"},0),1),1)+1+26)),""),"") | G14: =IF(MONTH(DATE($E$2,MATCH($C$2,{"January","February","March","April","May","June","July","August","September","October","November","December"},0),1)-WEEKDAY(DATE($E$2,MATCH($C$2,{"January","February","March","April","May","June","July","August","September","October","November","December"},0),1),1)+1+27)=MATCH($C$2,{"January","February","March","April","May","June","July","August","September","October","November","December"},0),IFERROR(IF(SUMIFS('Trade Log'!$T$5:$T$1004,'Trade Log'!$E$5:$E$1004,DATE($E$2,MATCH($C$2,{"January","February","March","April","May","June","July","August","September","October","November","December"},0),1)-WEEKDAY(DATE($E$2,MATCH($C$2,{"January","February","March","April","May","June","July","August","September","October","November","December"},0),1),1)+1+27)=0,"",SUMIFS('Trade Log'!$T$5:$T$1004,'Trade Log'!$E$5:$E$1004,DATE($E$2,MATCH($C$2,{"January","February","March","April","May","June","July","August","September","October","November","December"},0),1)-WEEKDAY(DATE($E$2,MATCH($C$2,{"January","February","March","April","May","June","July","August","September","October","November","December"},0),1),1)+1+27)),""),"") | I14: =IFERROR(maxifs('Trade Log'!$T$5:$T$1004,'Trade Log'!$E$5:$E$1004,">="&DATE($E$2,MATCH($C$2,{"January","February","March","April","May","June","July","August","September","October","November","December"},0),1),'Trade Log'!$E$5:$E$1004,"<="&EOMONTH(DATE($E$2,MATCH($C$2,{"January","February","March","April","May","June","July","August","September","October","November","December"},0),1),0)),"—") -> —
A15: =IF(MONTH(DATE($E$2,MATCH($C$2,{"January","February","March","April","May","June","July","August","September","October","November","December"},0),1)-WEEKDAY(DATE($E$2,MATCH($C$2,{"January","February","March","April","May","June","July","August","September","October","November","December"},0),1),1)+1+21)=MATCH($C$2,{"January","February","March","April","May","June","July","August","September","October","November","December"},0),IFERROR(IF(COUNTIFS('Trade Log'!$E$5:$E$1004,DATE($E$2,MATCH($C$2,{"January","February","March","April","May","June","July","August","September","October","November","December"},0),1)-WEEKDAY(DATE($E$2,MATCH($C$2,{"January","February","March","April","May","June","July","August","September","October","November","December"},0),1),1)+1+21)=0,"",COUNTIFS('Trade Log'!$E$5:$E$1004,DATE($E$2,MATCH($C$2,{"January","February","March","April","May","June","July","August","September","October","November","December"},0),1)-WEEKDAY(DATE($E$2,MATCH($C$2,{"January","February","March","April","May","June","July","August","September","October","November","December"},0),1),1)+1+21)&" trade(s)"),""),"") | B15: =IF(MONTH(DATE($E$2,MATCH($C$2,{"January","February","March","April","May","June","July","August","September","October","November","December"},0),1)-WEEKDAY(DATE($E$2,MATCH($C$2,{"January","February","March","April","May","June","July","August","September","October","November","December"},0),1),1)+1+22)=MATCH($C$2,{"January","February","March","April","May","June","July","August","September","October","November","December"},0),IFERROR(IF(COUNTIFS('Trade Log'!$E$5:$E$1004,DATE($E$2,MATCH($C$2,{"January","February","March","April","May","June","July","August","September","October","November","December"},0),1)-WEEKDAY(DATE($E$2,MATCH($C$2,{"January","February","March","April","May","June","July","August","September","October","November","December"},0),1),1)+1+22)=0,"",COUNTIFS('Trade Log'!$E$5:$E$1004,DATE($E$2,MATCH($C$2,{"January","February","March","April","May","June","July","August","September","October","November","December"},0),1)-WEEKDAY(DATE($E$2,MATCH($C$2,{"January","February","March","April","May","June","July","August","September","October","November","December"},0),1),1)+1+22)&" trade(s)"),""),"") | C15: =IF(MONTH(DATE($E$2,MATCH($C$2,{"January","February","March","April","May","June","July","August","September","October","November","December"},0),1)-WEEKDAY(DATE($E$2,MATCH($C$2,{"January","February","March","April","May","June","July","August","September","October","November","December"},0),1),1)+1+23)=MATCH($C$2,{"January","February","March","April","May","June","July","August","September","October","November","December"},0),IFERROR(IF(COUNTIFS('Trade Log'!$E$5:$E$1004,DATE($E$2,MATCH($C$2,{"January","February","March","April","May","June","July","August","September","October","November","December"},0),1)-WEEKDAY(DATE($E$2,MATCH($C$2,{"January","February","March","April","May","June","July","August","September","October","November","December"},0),1),1)+1+23)=0,"",COUNTIFS('Trade Log'!$E$5:$E$1004,DATE($E$2,MATCH($C$2,{"January","February","March","April","May","June","July","August","September","October","November","December"},0),1)-WEEKDAY(DATE($E$2,MATCH($C$2,{"January","February","March","April","May","June","July","August","September","October","November","December"},0),1),1)+1+23)&" trade(s)"),""),"") | D15: =IF(MONTH(DATE($E$2,MATCH($C$2,{"January","February","March","April","May","June","July","August","September","October","November","December"},0),1)-WEEKDAY(DATE($E$2,MATCH($C$2,{"January","February","March","April","May","June","July","August","September","October","November","December"},0),1),1)+1+24)=MATCH($C$2,{"January","February","March","April","May","June","July","August","September","October","November","December"},0),IFERROR(IF(COUNTIFS('Trade Log'!$E$5:$E$1004,DATE($E$2,MATCH($C$2,{"January","February","March","April","May","June","July","August","September","October","November","December"},0),1)-WEEKDAY(DATE($E$2,MATCH($C$2,{"January","February","March","April","May","June","July","August","September","October","November","December"},0),1),1)+1+24)=0,"",COUNTIFS('Trade Log'!$E$5:$E$1004,DATE($E$2,MATCH($C$2,{"January","February","March","April","May","June","July","August","September","October","November","December"},0),1)-WEEKDAY(DATE($E$2,MATCH($C$2,{"January","February","March","April","May","June","July","August","September","October","November","December"},0),1),1)+1+24)&" trade(s)"),""),"") | E15: =IF(MONTH(DATE($E$2,MATCH($C$2,{"January","February","March","April","May","June","July","August","September","October","November","December"},0),1)-WEEKDAY(DATE($E$2,MATCH($C$2,{"January","February","March","April","May","June","July","August","September","October","November","December"},0),1),1)+1+25)=MATCH($C$2,{"January","February","March","April","May","June","July","August","September","October","November","December"},0),IFERROR(IF(COUNTIFS('Trade Log'!$E$5:$E$1004,DATE($E$2,MATCH($C$2,{"January","February","March","April","May","June","July","August","September","October","November","December"},0),1)-WEEKDAY(DATE($E$2,MATCH($C$2,{"January","February","March","April","May","June","July","August","September","October","November","December"},0),1),1)+1+25)=0,"",COUNTIFS('Trade Log'!$E$5:$E$1004,DATE($E$2,MATCH($C$2,{"January","February","March","April","May","June","July","August","September","October","November","December"},0),1)-WEEKDAY(DATE($E$2,MATCH($C$2,{"January","February","March","April","May","June","July","August","September","October","November","December"},0),1),1)+1+25)&" trade(s)"),""),"") | F15: =IF(MONTH(DATE($E$2,MATCH($C$2,{"January","February","March","April","May","June","July","August","September","October","November","December"},0),1)-WEEKDAY(DATE($E$2,MATCH($C$2,{"January","February","March","April","May","June","July","August","September","October","November","December"},0),1),1)+1+26)=MATCH($C$2,{"January","February","March","April","May","June","July","August","September","October","November","December"},0),IFERROR(IF(COUNTIFS('Trade Log'!$E$5:$E$1004,DATE($E$2,MATCH($C$2,{"January","February","March","April","May","June","July","August","September","October","November","December"},0),1)-WEEKDAY(DATE($E$2,MATCH($C$2,{"January","February","March","April","May","June","July","August","September","October","November","December"},0),1),1)+1+26)=0,"",COUNTIFS('Trade Log'!$E$5:$E$1004,DATE($E$2,MATCH($C$2,{"January","February","March","April","May","June","July","August","September","October","November","December"},0),1)-WEEKDAY(DATE($E$2,MATCH($C$2,{"January","February","March","April","May","June","July","August","September","October","November","December"},0),1),1)+1+26)&" trade(s)"),""),"") | G15: =IF(MONTH(DATE($E$2,MATCH($C$2,{"January","February","March","April","May","June","July","August","September","October","November","December"},0),1)-WEEKDAY(DATE($E$2,MATCH($C$2,{"January","February","March","April","May","June","July","August","September","October","November","December"},0),1),1)+1+27)=MATCH($C$2,{"January","February","March","April","May","June","July","August","September","October","November","December"},0),IFERROR(IF(COUNTIFS('Trade Log'!$E$5:$E$1004,DATE($E$2,MATCH($C$2,{"January","February","March","April","May","June","July","August","September","October","November","December"},0),1)-WEEKDAY(DATE($E$2,MATCH($C$2,{"January","February","March","April","May","June","July","August","September","October","November","December"},0),1),1)+1+27)=0,"",COUNTIFS('Trade Log'!$E$5:$E$1004,DATE($E$2,MATCH($C$2,{"January","February","March","April","May","June","July","August","September","October","November","December"},0),1)-WEEKDAY(DATE($E$2,MATCH($C$2,{"January","February","March","April","May","June","July","August","September","October","November","December"},0),1),1)+1+27)&" trade(s)"),""),"") | I15: Worst Day
